name,id,gender,uid,department
James Cameron,4762,0,2710,Directing
Gore Verbinski,4763,0,1704,Directing
Sam Mendes,4764,0,39,Directing
Christopher Nolan,4765,0,525,Directing
Andrew Stanton,4766,0,7,Directing
Sam Raimi,4767,0,7623,Directing
Byron Howard,4768,0,76595,Directing
Joss Whedon,4769,0,12891,Directing
David Yates,4770,0,11343,Directing
Zack Snyder,4771,0,15217,Directing
Bryan Singer,4772,0,9032,Directing
Marc Forster,4773,0,12995,Directing
Andrew Adamson,4774,0,5524,Directing
Rob Marshall,4775,0,17633,Directing
Barry Sonnenfeld,4776,0,5174,Directing
Peter Jackson,4777,0,108,Directing
Marc Webb,4778,0,87742,Directing
Ridley Scott,4779,0,578,Directing
Chris Weitz,4780,0,3288,Directing
Anthony Russo,4781,0,19271,Directing
Peter Berg,4782,0,36602,Directing
Colin Trevorrow,4783,0,930707,Directing
Shane Black,4784,0,1108,Directing
Tim Burton,4785,0,510,Directing
Brett Ratner,4786,0,11091,Directing
Dan Scanlon,4787,0,225976,Directing
Michael Bay,4788,0,865,Directing
Joseph Kosinski,4789,0,86270,Directing
John Lasseter,4790,0,7879,Directing
Martin Campbell,4791,0,10702,Directing
Lee Unkrich,4792,0,8,Directing
McG,4793,0,36425,Directing
James Wan,4794,0,2127,Directing
J.J. Abrams,4795,0,15344,Directing
Baz Luhrmann,4796,0,6201,Directing
Mike Newell,4797,0,10723,Directing
Guillermo del Toro,4798,0,10828,Directing
Steven Spielberg,4799,0,488,Directing
Peter Sohn,4800,0,21198,Directing
Brenda Chapman,4801,1,59803,Directing
Justin Lin,4802,0,58189,Directing
Roland Emmerich,4803,0,6046,Directing
Robert Zemeckis,4804,0,24,Directing
Lilly Wachowski,4805,1,9339,Directing
Pete Docter,4806,0,12890,Directing
Conrad Vernon,4807,0,12080,Directing
Jon Favreau,4808,0,15277,Directing
Martin Scorsese,4809,0,1032,Directing
Rob Cohen,4810,0,18878,Directing
David Ayer,4811,0,19769,Directing
Tom Shadyac,4812,0,4499,Directing
Doug Liman,4813,0,11694,Directing
Kevin Reynolds,4814,0,8300,Directing
Stephen Sommers,4815,0,7775,Directing
Rupert Sanders,4816,0,228134,Directing
Robert Stromberg,4817,0,1032536,Directing
Matt Reeves,4818,0,32278,Directing
Roland Joffé,4819,0,8965,Directing
Carl Rinsch,4820,0,239571,Directing
Mike Mitchell,4821,0,64151,Directing
Brad Bird,4822,0,7087,Directing
Chris Williams,4823,0,70238,Directing
Rich Moore,4824,0,165787,Directing
Chris Sanders,4825,0,66193,Directing
Jonathan Mostow,4826,0,7213,Directing
James Gunn,4827,0,15218,Directing
Hideaki Anno,4828,0,77921,Directing
David Fincher,4829,0,7467,Directing
Matthew Vaughn,4830,0,957,Directing
Francis Lawrence,4831,0,10943,Directing
Jon Turteltaub,4832,0,12962,Directing
Wolfgang Petersen,4833,0,5231,Directing
James Bobin,4834,0,26205,Directing
Chris Miller,4835,0,12098,Directing
Duncan Jones,4836,0,81850,Directing
Alan Taylor,4837,0,47005,Directing
Michael Apted,4838,0,10781,Directing
Oliver Stone,4839,0,1152,Directing
Jan Pinkava,4840,0,7930,Directing
Eric Darnell,4841,0,18863,Directing
Shawn Levy,4842,0,17825,Directing
Gavin Hood,4843,0,13079,Directing
Chris Buck,4844,0,15774,Directing
George Miller,4845,0,20629,Directing
Ron Howard,4846,0,6159,Directing
Kenneth Branagh,4847,0,11181,Directing
Hoyt Yeatman,4848,0,84851,Directing
Jonathan Liebesman,4849,0,66739,Directing
Christopher McQuarrie,4850,0,9033,Directing
Joe Johnston,4851,0,4945,Directing
Steve Hickner,4852,0,44113,Directing
Jennifer Yuh Nelson,4853,1,142312,Directing
M. Night Shyamalan,4854,0,11614,Directing
Simon Wells,4855,0,21879,Directing
David Bowers,4856,0,33183,Directing
Joe Wright,4857,0,36588,Directing
Rob Minkoff,4858,0,18898,Directing
Lee Tamahori,4859,0,7256,Directing
Paul Feig,4860,0,116805,Directing
Peter Ramsey,4861,0,151007,Directing
Dean Parisot,4862,0,15002,Directing
Edward Zwick,4863,0,9181,Directing
Dean DeBlois,4864,0,69797,Directing
Alex Proyas,4865,0,21085,Directing
Richard Donner,4866,0,7187,Directing
Ang Lee,4867,0,1614,Directing
Jon M. Chu,4868,0,54507,Directing
Breck Eisner,4869,0,52609,Directing
Hironobu Sakaguchi,4870,0,21692,Directing
Peter Weir,4871,0,2690,Directing
Bill Condon,4872,0,15557,Directing
Louis Leterrier,4873,0,18865,Directing
Alejandro González Iñárritu,4874,0,223,Directing
David Soren,4875,0,94075,Directing
Paul Greengrass,4876,0,25598,Directing
Mark Osborne,4877,0,57741,Directing
Peyton Reed,4878,0,59026,Directing
Tim Johnson,4879,0,52870,Directing
Phillip Noyce,4880,0,13015,Directing
Darren Aronofsky,4881,0,6431,Directing
Alfonso Cuarón,4882,0,11218,Directing
Ralph Zondag,4883,0,65855,Directing
Tom McGrath,4884,0,18864,Directing
Chris Columbus,4885,0,10965,Directing
Robert Schwentke,4886,0,57270,Directing
Carlos Saldanha,4887,0,5714,Directing
Guy Ritchie,4888,0,956,Directing
Paul Verhoeven,4889,0,10491,Directing
John McTiernan,4890,0,1090,Directing
Tony Gilroy,4891,0,19242,Directing
Joel Schumacher,4892,0,5572,Directing
John Woo,4893,0,11401,Directing
Tim Story,4894,0,20400,Directing
Mark Steven Johnson,4895,0,16837,Directing
Neill Blomkamp,4896,0,82194,Directing
David Twohy,4897,0,28239,Directing
José Padilha,4898,0,52576,Directing
James L. Brooks,4899,0,3388,Directing
James Mangold,4900,0,366,Directing
George Lucas,4901,0,1,Directing
Thomas Langmann,4902,0,20674,Directing
Cedric Nicolas-Troyan,4903,0,1454884,Directing
Roger Donaldson,4904,0,21370,Directing
Dave Green,4905,0,1101410,Directing
Josh Trank,4906,0,934803,Directing
Brad Peyton,4907,0,132876,Directing
Roger Spottiswoode,4908,0,1724,Directing
Steven Soderbergh,4909,0,1884,Directing
Rob Letterman,4910,0,65630,Directing
Michel Gondry,4911,0,201,Directing
Noam Murro,4912,0,78914,Directing
Raja Gosnell,4913,0,1215,Directing
Will Finn,4914,0,70287,Directing
Jan de Bont,4915,0,2209,Directing
Len Wiseman,4916,0,3950,Directing
Frank Coraci,4917,0,57370,Directing
Michael Mann,4918,0,638,Directing
Bo Welch,4919,0,5133,Directing
Ron Clements,4920,0,15810,Directing
Peter Chelsom,4921,0,36804,Directing
Dominic Sena,4922,0,58498,Directing
Tony Scott,4923,0,893,Directing
Paul Weitz,4924,0,3289,Directing
Adam McKay,4925,0,55710,Directing
Chuck Russell,4926,0,26713,Directing
Quentin Tarantino,4927,0,138,Directing
Gary Trousdale,4928,0,62047,Directing
Mark Dindal,4929,0,61411,Directing
Simon West,4930,0,12786,Directing
Stefen Fangmeier,4931,0,25453,Directing
Spike Jonze,4932,0,5953,Directing
Chris Wedge,4933,0,5713,Directing
Florian Henckel von Donnersmarck,4934,0,8193,Directing
Peter Hyams,4935,0,37710,Directing
Tom Tykwer,4936,0,1071,Directing
Pitof,4937,0,4586,Directing
Brad Silberling,4938,0,11887,Directing
Patrick Hughes,4939,0,143059,Directing
Ericson Core,4940,0,21673,Directing
Lawrence Guterman,4941,0,64191,Directing
Ron Underwood,4942,0,33485,Directing
Steve Martino,4943,0,71729,Directing
David Mamet,4944,0,1255,Directing
Zhang Yimou,4945,0,607,Directing
Ash Brannon,4946,0,12905,Directing
Frank Oz,4947,0,7908,Directing
Jay Roach,4948,0,6737,Directing
Luc Besson,4949,0,59,Directing
Michael Patrick King,4950,0,38023,Directing
Don Michael Paul,4951,0,27005,Directing
Sergei Bodrov,4952,0,130938,Directing
Wally Pfister,4953,0,559,Directing
Rupert Wyatt,4954,0,77357,Directing
Mark Waters,4955,0,54050,Directing
John Moore,4956,0,12028,Directing
John Lee Hancock,4957,0,54040,Directing
Renny Harlin,4958,0,16938,Directing
Phil Lord,4959,0,107446,Directing
Ben Stiller,4960,0,7399,Directing
Tony Bancroft,4961,0,66190,Directing
Timur Bekmambetov,4962,0,23430,Directing
Walt Becker,4963,0,68573,Directing
Dennis Dugan,4964,0,17494,Directing
Sydney Pollack,4965,0,2226,Directing
Thor Freudenthal,4966,0,109857,Directing
Brian De Palma,4967,0,1150,Directing
Mick Jackson,4968,0,8843,Directing
Alan J. Pakula,4969,0,6349,Directing
Kathryn Bigelow,4970,1,14392,Directing
John Milius,4971,0,8328,Directing
Andrei Konchalovsky,4972,0,58728,Directing
Gary Ross,4973,0,23964,Directing
Paul W.S. Anderson,4974,0,4014,Directing
Genndy Tartakovsky,4975,0,185438,Directing
Kevin Lima,4976,0,15775,Directing
Daniel Espinosa,4977,0,125738,Directing
Nancy Meyers,4978,1,17698,Directing
Jill Culton,4979,1,7881,Directing
Neil Burger,4980,0,17329,Directing
Jean-Jacques Annaud,4981,0,2352,Directing
Barry Cook,4982,0,66191,Directing
Martin Brest,4983,0,769,Directing
Andrew Davis,4984,0,12989,Directing
Bob Fosse,4985,0,66777,Directing
Tarsem Singh,4986,0,56512,Directing
Edgar Wright,4987,0,11090,Directing
Jon Amiel,4988,0,15148,Directing
Peter Segal,4989,0,13426,Directing
Pete Travis,4990,0,43141,Directing
George A. Romero,4991,0,14999,Directing
Sylvester Stallone,4992,0,16483,Directing
Todd Phillips,4993,0,57130,Directing
Karey Kirkpatrick,4994,0,52845,Directing
Gary Winick,4995,0,17046,Directing
Mimi Leder,4996,1,51984,Directing
Seth Gordon,4997,0,71600,Directing
Adam Shankman,4998,0,20739,Directing
D.J. Caruso,4999,0,40256,Directing
Anthony Minghella,5000,0,2239,Directing
Albert Hughes,5001,0,11447,Directing
Les Mayfield,5002,0,56911,Directing
Joe Pytka,5003,0,23677,Directing
Scott Derrickson,5004,0,55499,Directing
Ivan Reitman,5005,0,8858,Directing
Eric Brevig,5006,0,9622,Directing
Kelly Asbury,5007,0,12079,Directing
Stephen Hopkins,5008,0,2042,Directing
Jonathan Demme,5009,0,16294,Directing
Henry Jaglom,5010,0,117075,Directing
James Algar,5011,0,5690,Directing
Vincent Ward,5012,0,9198,Directing
Steven Brill,5013,0,32593,Directing
Terry Gilliam,5014,0,280,Directing
Lucile Hadzihalilovic,5015,0,17627,Directing
Roger Christian,5016,0,5058,Directing
Joe Dante,5017,0,4600,Directing
Kevin Costner,5018,0,1269,Directing
Antony Hoffman,5019,0,56154,Directing
Jacques Perrin,5020,0,20030,Directing
Andrés Couturier,5021,0,1172908,Directing
Roger Allers,5022,0,15812,Directing
Cody Cameron,5023,0,12095,Directing
John Singleton,5024,0,6482,Directing
Oliver Hirschbiegel,5025,0,7832,Directing
Des McAnuff,5026,0,588701,Directing
Chris Renaud,5027,0,124748,Directing
Stephen Norrington,5028,0,10808,Directing
Pierre Coffin,5029,0,124747,Directing
David Kellogg,5030,0,4759,Directing
Mike Nichols,5031,0,5342,Directing
Vicky Jenson,5032,1,12058,Directing
F. Gary Gray,5033,0,37932,Directing
Antoine Fuqua,5034,0,20907,Directing
Robert Luketic,5035,0,36797,Directing
Gil Kenan,5036,0,57193,Directing
Barry Levinson,5037,0,8246,Directing
Jerry Zucker,5038,0,3415,Directing
Andy Tennant,5039,0,17167,Directing
Florent-Emilio Siri,5040,0,1011158,Directing
Gary Goldman,5041,0,12881,Directing
Ron Shelton,5042,0,4037,Directing
Àlex Pastor,5043,0,94220,Directing
Henry Selick,5044,0,57646,Directing
Kyle Balda,5045,0,8023,Directing
Fergal Reilly,5046,0,52701,Directing
Judd Apatow,5047,0,41039,Directing
Steve Carr,5048,0,52112,Directing
Mel Gibson,5049,0,2461,Directing
David Silverman,5050,0,197,Directing
Frank Darabont,5051,0,4027,Directing
Betty Thomas,5052,1,31024,Directing
Garry Marshall,5053,0,1201,Directing
Paul Tibbitt,5054,0,217174,Directing
Clark Johnson,5055,0,47640,Directing
Cameron Crowe,5056,0,11649,Directing
Randall Wallace,5057,0,2460,Directing
Jonathan Frakes,5058,0,2388,Directing
George Clooney,5059,0,1461,Directing
Gary Shore,5060,0,1167470,Directing
Andrzej Bartkowiak,5061,0,10765,Directing
Måns Mårlind,5062,0,80923,Directing
Gregory Hoblit,5063,0,17812,Directing
Gary McKendry,5064,0,141688,Directing
Wych Kaosayananda,5065,0,65615,Directing
Mikael Salomon,5066,0,30149,Directing
Bobby Farrelly,5067,0,7395,Directing
Dan St. Pierre,5068,0,15780,Directing
Kerry Conran,5069,0,41378,Directing
Michael Caton-Jones,5070,0,30365,Directing
Mikael Håfström,5071,0,29605,Directing
Phil Alden Robinson,5072,0,23968,Directing
David Slade,5073,0,27571,Directing
Joseph Ruben,5074,0,52629,Directing
Seth MacFarlane,5075,0,52139,Directing
Alejandro Amenábar,5076,0,19840,Directing
Kinka Usher,5077,0,59646,Directing
Craig Gillespie,5078,0,50767,Directing
Rob Bowman,5079,0,12523,Directing
Doug Lefler,5080,0,58656,Directing
Scott Waugh,5081,0,293911,Directing
Lawrence Kasdan,5082,0,8844,Directing
Michael Lembeck,5083,0,15045,Directing
Tom Hooper,5084,0,70500,Directing
Nora Ephron,5085,0,9248,Directing
Angelina Jolie,5086,1,11701,Directing
Clint Eastwood,5087,0,190,Directing
Larry Charles,5088,0,6767,Directing
Stanley Kubrick,5089,0,240,Directing
Will Gluck,5090,0,82511,Directing
Glenn Ficarra,5091,0,56411,Directing
David S. Goyer,5092,0,3893,Directing
Taylor Hackford,5093,0,18596,Directing
Michael Lehmann,5094,0,7145,Directing
Stuart Beattie,5095,0,1707,Directing
Roman Polanski,5096,0,3556,Directing
Robert Rodriguez,5097,0,2294,Directing
Baltasar Kormákur,5098,0,67813,Directing
Daniel Lee,5099,0,57832,Directing
Keenen Ivory Wayans,5100,0,35689,Directing
Rob Reiner,5101,0,3026,Directing
Marco Schnabel,5102,0,71527,Directing
Demian Lichtenstein,5103,0,71418,Directing
Josh Gordon,5104,0,60922,Directing
Tim Hill,5105,0,49903,Directing
David Frankel,5106,0,5065,Directing
Marc Lawrence,5107,0,18323,Directing
Peter Billingsley,5108,0,12708,Directing
Wes Ball,5109,0,1179066,Directing
Ryan Murphy,5110,0,52779,Directing
Robert Redford,5111,0,4135,Directing
Jay Russell,5112,0,46297,Directing
Kenny Ortega,5113,0,65310,Directing
David McNally,5114,0,48980,Directing
Brian Robbins,5115,0,53177,Directing
Brian Levant,5116,0,13581,Directing
Steven Zaillian,5117,0,2260,Directing
Sam Fell,5118,0,58897,Directing
Jon Avnet,5119,0,18250,Directing
Robert Stevenhagen,5120,0,64152,Directing
Kevin Donovan,5121,0,66654,Directing
Geoff Murphy,5122,0,32277,Directing
David O. Russell,5123,0,17883,Directing
Babak Najafi,5124,0,132239,Directing
Jean-Pierre Jeunet,5125,0,2419,Directing
Anthony Stacchi,5126,0,52691,Directing
Griffin Dunne,5127,0,2171,Directing
John Pasquin,5128,0,58072,Directing
Ruben Fleischer,5129,0,91268,Directing
Harold Ramis,5130,0,1524,Directing
Kevin Macdonald,5131,0,17350,Directing
Donald Petrie,5132,0,18281,Directing
Jorge Blanco,5133,0,117052,Directing
Stuart Baird,5134,0,2523,Directing
Joel Coen,5135,0,1223,Directing
Robert Lorenz,5136,0,4746,Directing
Harold Becker,5137,0,23213,Directing
Scott Stewart,5138,0,116357,Directing
Tony Bill,5139,0,57138,Directing
Rod Lurie,5140,0,21526,Directing
Walter Hill,5141,0,1723,Directing
Akiva Goldsman,5142,0,5575,Directing
Harald Zwart,5143,0,21981,Directing
Walter Salles,5144,0,8574,Directing
Iain Softley,5145,0,1978,Directing
Frank Miller,5146,0,2293,Directing
David Koepp,5147,0,508,Directing
Uwe Boll,5148,0,23799,Directing
Soi Cheang,5149,0,93991,Directing
John Dahl,5150,0,21053,Directing
Tim Miller,5151,0,55252,Directing
Stephen Herek,5152,0,18356,Directing
Peter MacDonald,5153,0,16589,Directing
Anthony Hemingway,5154,0,1216147,Directing
Sean Anders,5155,0,74619,Directing
Brian Taylor,5156,0,20192,Directing
John Madden,5157,0,18844,Directing
Kevin Bray,5158,0,34453,Directing
Mike Gabriel,5159,0,65530,Directing
Sam Weisman,5160,0,54967,Directing
Jesse Dylan,5161,0,54584,Directing
Wayne Wang,5162,0,39819,Directing
Gabriele Muccino,5163,0,20646,Directing
Tom Dey,5164,0,46076,Directing
Jimmy Hayward,5165,0,8029,Directing
Alan Parker,5166,0,9168,Directing
John Frankenheimer,5167,0,13776,Directing
Paul King,5168,0,101666,Directing
Akiva Schaffer,5169,0,62854,Directing
William Friedkin,5170,0,15175,Directing
Kent Alterman,5171,0,65702,Directing
Peter Lord,5172,0,53304,Directing
Shekhar Kapur,5173,0,37630,Directing
Karyn Kusama,5174,1,54025,Directing
Ronald F. Maxwell,5175,0,66088,Directing
Robert Butler,5176,0,101767,Directing
Steve Antin,5177,0,42745,Directing
Jim Gillespie,5178,0,33254,Directing
Francis Ford Coppola,5179,0,1776,Directing
Richard Lester,5180,0,10586,Directing
Scott Cooper,5181,0,65167,Directing
Curtis Hanson,5182,0,323,Directing
Phyllida Lloyd,5183,1,71068,Directing
Jay Chandrasekhar,5184,0,52049,Directing
Terrence Malick,5185,0,30715,Directing
David Dobkin,5186,0,42994,Directing
Milo Forman,5187,0,3974,Directing
Pierre Morel,5188,0,35453,Directing
Paul Hunter,5189,0,70573,Directing
Steve Oedekerk,5190,0,4489,Directing
John Whitesell,5191,0,61175,Directing
George Nolfi,5192,0,1921,Directing
Neil Jordan,5193,0,17016,Directing
Rawson Marshall Thurber,5194,0,57633,Directing
Spike Lee,5195,0,5281,Directing
Brian Helgeland,5196,0,4723,Directing
Frank Marshall,5197,0,664,Directing
Hideo Nakata,5198,0,26875,Directing
Peter Hewitt,5199,0,18357,Directing
Joe Roth,5200,0,18311,Directing
Bennett Miller,5201,0,5345,Directing
Jaume Collet-Serra,5202,0,59521,Directing
Andy Fickman,5203,0,58375,Directing
James McTeigue,5204,0,11266,Directing
Matthew O'Callaghan,5205,0,61290,Directing
Angela Robinson,5206,1,7312,Directing
Gary Fleder,5207,0,5501,Directing
Tommy Wirkola,5208,0,76927,Directing
Adrian Lyne,5209,0,7270,Directing
Stephen Gaghan,5210,0,2945,Directing
Jorge R. Gutierrez,5211,0,1265056,Directing
Richard Loncraine,5212,0,33315,Directing
Christophe Gans,5213,0,8296,Directing
Howard Deutch,5214,0,26502,Directing
Jon Hurwitz,5215,0,68843,Directing
Steven Quale,5216,0,93214,Directing
John Landis,5217,0,4610,Directing
Alexander Witt,5218,0,17649,Directing
Beeban Kidron,5219,1,20237,Directing
Carl Franklin,5220,0,21712,Directing
Steven Seagal,5221,0,23880,Directing
Danny Boyle,5222,0,2034,Directing
Andrew Bergman,5223,0,41550,Directing
Barbet Schroeder,5224,0,23393,Directing
Peter Webber,5225,0,16785,Directing
Andrew Niccol,5226,0,8685,Directing
John Carpenter,5227,0,11770,Directing
Wes Anderson,5228,0,5655,Directing
David Cronenberg,5229,0,224,Directing
John Stockwell,5230,0,57082,Directing
David Gordon Green,5231,0,64141,Directing
Jim Sheridan,5232,0,53334,Directing
Costa-Gavras,5233,0,27436,Directing
Patrick Read Johnson,5234,0,56059,Directing
Richard LaGravenese,5235,0,2163,Directing
Danny DeVito,5236,0,518,Directing
George Armitage,5237,0,58294,Directing
Patrick Lussier,5238,0,27226,Directing
James Wong,5239,0,57134,Directing
Richard Curtis,5240,0,7018,Directing
Chuck Bowman,5241,0,41270,Directing
Olivier Megaton,5242,0,75035,Directing
Deepa Mehta,5243,1,4760,Directing
Warren Beatty,5244,0,6449,Directing
Penny Marshall,5245,1,14911,Directing
Ted Kotcheff,5246,0,16544,Directing
Andrei Tarkovsky,5247,0,8452,Directing
Yvette Kaplan,5248,0,31093,Directing
Stephen Frears,5249,0,3224,Directing
P.J. Hogan,5250,0,3045,Directing
Brad Furman,5251,0,144221,Directing
Terence Young,5252,0,9855,Directing
David Zucker,5253,0,12987,Directing
Denis Villeneuve,5254,0,137427,Directing
Thomas Carter,5255,0,52038,Directing
Roger Michell,5256,0,7017,Directing
Luis Llosa,5257,0,26648,Directing
Melville Shavelson,5258,0,16745,Directing
Garth Jennings,5259,0,52842,Directing
Joel Zwick,5260,0,54644,Directing
Russell Mulcahy,5261,0,52968,Directing
David R. Ellis,5262,0,4755,Directing
Peter Howitt,5263,0,7791,Directing
John A. Davis,5264,0,60237,Directing
David Lynch,5265,0,5602,Directing
Julie Taymor,5266,1,16391,Directing
Mathieu Kassovitz,5267,0,2406,Directing
John Gray,5268,0,35155,Directing
John Schultz,5269,0,79656,Directing
Sean Penn,5270,0,2228,Directing
Susan Stroman,5271,1,60129,Directing
Simon Wincer,5272,0,18254,Directing
Billy Bob Thornton,5273,0,879,Directing
Danny Pang,5274,0,21905,Directing
George P. Cosmatos,5275,0,16566,Directing
Oliver Parker,5276,0,56710,Directing
Lawrence Kasanoff,5277,0,43518,Directing
Ben Affleck,5278,0,880,Directing
Brian Gibson,5279,0,18069,Directing
Ben Sharpsteen,5280,0,11426,Directing
Michael Cimino,5281,0,12114,Directing
Paul McGuigan,5282,0,2291,Directing
Gus Van Sant,5283,0,5216,Directing
Roger Kumble,5284,0,11873,Directing
Burr Steers,5285,0,58552,Directing
Nick Park,5286,0,7314,Directing
John Hamburg,5287,0,17871,Directing
Reginald Hudlin,5288,0,68215,Directing
Joseph L. Mankiewicz,5289,0,10601,Directing
Barbra Streisand,5290,0,10400,Directing
Mark Pellington,5291,0,11676,Directing
John Glen,5292,0,10179,Directing
Catherine Hardwicke,5293,1,19850,Directing
John Herzfeld,5294,0,27846,Directing
Annabel Jankel,5295,0,58164,Directing
Julie Anne Robinson,5296,1,114597,Directing
Seth Rogen,5297,0,19274,Directing
Sngmoo Lee,5298,0,141169,Directing
Jamel Debbouze,5299,0,2408,Directing
Gordon Chan,5300,0,64901,Directing
Asger Leth,5301,0,72344,Directing
John G. Avildsen,5302,0,16513,Directing
Anne Fletcher,5303,1,29214,Directing
Bruce Beresford,5304,0,5696,Directing
Sam Taylor-Johnson,5305,1,1137903,Directing
Ken Kwapis,5306,0,29009,Directing
Wes Craven,5307,0,5140,Directing
Etan Cohen,5308,0,52803,Directing
Nick Cassavetes,5309,0,11151,Directing
Nicholas Stoller,5310,0,52934,Directing
Mark A.Z. Dippé,5311,0,87130,Directing
Callan Brunker,5312,0,1098477,Directing
Nimród Antal,5313,0,41671,Directing
Alejandro Agresti,5314,0,21031,Directing
Peter Hedges,5315,0,3290,Directing
Paul Weiland,5316,0,66548,Directing
Colin Strause,5317,0,6037,Directing
Joan Chen,5318,1,6720,Directing
Greg Mottola,5319,0,54733,Directing
Jake Kasdan,5320,0,51851,Directing
Diane Keaton,5321,1,3092,Directing
Kelly Makin,5322,0,64030,Directing
Stephen Daldry,5323,0,468,Directing
Christian Duguay,5324,0,25735,Directing
Justin Chadwick,5325,0,71570,Directing
Pat O'Connor,5326,0,19969,Directing
Frederik Du Chau,5327,0,50582,Directing
Irwin Winkler,5328,0,11472,Directing
Joseph Kahn,5329,0,66823,Directing
Sofia Coppola,5330,1,1769,Directing
Stephen T. Kay,5331,0,56435,Directing
Juan Antonio Bayona,5332,0,51894,Directing
Elaine May,5333,1,58251,Directing
Dennie Gordon,5334,1,66960,Directing
Charles Shyer,5335,0,56106,Directing
Ulu Grosbard,5336,0,140354,Directing
William Malone,5337,0,57898,Directing
Malcolm D. Lee,5338,0,72024,Directing
Jerry Jameson,5339,0,52094,Directing
Mic Rodgers,5340,0,18889,Directing
Christian Alvart,5341,0,54559,Directing
Jean-Marie Poiré,5342,0,64909,Directing
Marc F. Adler,5343,0,86295,Directing
Geoffrey Sax,5344,0,61357,Directing
Richard Shepard,5345,0,44740,Directing
Peter Chan,5346,0,56739,Directing
Sergei Bodrov Jr.,5347,0,71871,Directing
Bong Joon-ho,5348,0,21684,Directing
Bibo Bergeron,5349,0,65629,Directing
Jeff Nathanson,5350,0,2689,Directing
S.S. Rajamouli,5351,0,147021,Directing
Charles S. Dutton,5352,0,17764,Directing
Jonathan Lynn,5353,0,21217,Directing
David Carson,5354,0,2380,Directing
Wong Kar-wai,5355,0,12453,Directing
Yuefeng Song,5356,0,1496406,Directing
Norman Jewison,5357,0,13563,Directing
David Mirkin,5358,0,58178,Directing
Luis Mandoki,5359,0,46085,Directing
Lee Daniels,5360,0,20019,Directing
Jeb Stuart,5361,0,7671,Directing
Steve Miner,5362,0,58712,Directing
Paul Thomas Anderson,5363,0,4762,Directing
David Leland,5364,0,33317,Directing
J Blakeson,5365,0,111588,Directing
Ryan Coogler,5366,0,1056121,Directing
Kirk Jones,5367,0,64045,Directing
Jennifer Flackett,5368,1,66218,Directing
Kevin Smith,5369,0,19303,Directing
Christian Ditter,5370,0,63820,Directing
Charles Martin Smith,5371,0,1270,Directing
Fyodor Bondarchuk,5372,0,80999,Directing
Irvin Kershner,5373,0,10930,Directing
Steve Pink,5374,0,3227,Directing
Scott Hicks,5375,0,33433,Directing
Kirk De Micco,5376,0,71267,Directing
Chris Rock,5377,0,2632,Directing
Wilson Yip,5378,0,63571,Directing
Robert Wise,5379,0,1744,Directing
Kevin Rodney Sullivan,5380,0,70777,Directing
Kevin Munroe,5381,0,19499,Directing
Mike Tollin,5382,0,53178,Directing
Patrick Tatopoulos,5383,0,3964,Directing
Gary David Goldberg,5384,0,70738,Directing
Tobe Hooper,5385,0,10051,Directing
Alan Poul,5386,0,113225,Directing
Luke Greenfield,5387,0,65734,Directing
Gil Junger,5388,0,40243,Directing
Michael Ritchie,5389,0,12964,Directing
Steven E. de Souza,5390,0,1726,Directing
Alexandre Aja,5391,0,59291,Directing
Michael Rymer,5392,0,28741,Directing
Hugh Wilson,5393,0,28904,Directing
Mike Hodges,5394,0,17281,Directing
Scott Mann,5395,0,90812,Directing
Susanna White,5396,0,113600,Directing
Chris Carter,5397,0,12524,Directing
Tommy O'Haver,5398,0,62514,Directing
Peter Landesman,5399,0,1192754,Directing
Gary Chapman,5400,0,80691,Directing
Craig Mazin,5401,0,35796,Directing
Allen Hughes,5402,0,11448,Directing
Kimble Rendall,5403,0,64163,Directing
Peter Yates,5404,0,12804,Directing
Lasse Hallström,5405,0,5306,Directing
Jean-Marc Vallée,5406,0,69371,Directing
Tsui Hark,5407,0,26760,Directing
Lexi Alexander,5408,0,56359,Directing
Ronny Yu,5409,0,17268,Directing
Bille August,5410,0,19684,Directing
Moustapha Akkad,5411,0,66203,Directing
Jean-Paul Rappeneau,5412,0,25950,Directing
Joachim Rønning,5413,0,20307,Directing
Tony Kaye,5414,0,814,Directing
Ken Scott,5415,0,1375201,Directing
Hugh Johnson,5416,0,22100,Directing
Hayao Miyazaki,5417,0,608,Directing
"George Tillman, Jr.",5418,0,66121,Directing
Rand Ravich,5419,0,29524,Directing
Hugh Hudson,5420,0,58220,Directing
Ben Stassen,5421,0,76100,Directing
Chris Gorak,5422,0,10855,Directing
Scott Speer,5423,0,932088,Directing
Joe Charbanic,5424,0,66604,Directing
Jonathan Hensleigh,5425,0,876,Directing
Danny Cannon,5426,0,33279,Directing
Boaz Yakin,5427,0,52358,Directing
Richard Marquand,5428,0,19800,Directing
Neil Marshall,5429,0,57581,Directing
David Wain,5430,0,22214,Directing
Jared Hess,5431,0,53925,Directing
Rupert Wainwright,5432,0,11809,Directing
John Luessenhop,5433,0,97026,Directing
Justin Zackham,5434,0,52599,Directing
John Gatins,5435,0,53176,Directing
Miguel Sapochnik,5436,0,114404,Directing
Shim Hyung-Rae,5437,0,64331,Directing
Don Scardino,5438,0,93419,Directing
Tim Robbins,5439,0,504,Directing
Tom Reeve,5440,0,43673,Directing
Nanette Burstein,5441,1,96439,Directing
Ariel Vromen,5442,0,81476,Directing
Lewis Gilbert,5443,0,10076,Directing
John Francis Daley,5444,0,52935,Directing
J.B. Rogers,5445,0,7409,Directing
Michael Sucsy,5446,0,566328,Directing
Tom Vaughan,5447,0,56717,Directing
Stephen Hillenburg,5448,0,70651,Directing
Stig Bergqvist,5449,0,80540,Directing
Jason Reitman,5450,0,52443,Directing
Alexander Payne,5451,0,13235,Directing
Jonathan Levine,5452,0,56661,Directing
Rian Johnson,5453,0,67367,Directing
Chris Noonan,5454,0,58137,Directing
Michael McCullers,5455,0,14172,Directing
Forest Whitaker,5456,0,2178,Directing
Woody Allen,5457,0,1243,Directing
Peter Lepeniotis,5458,0,1262197,Directing
Ted Demme,5459,0,34849,Directing
William Shatner,5460,0,1748,Directing
James Gartner,5461,0,60496,Directing
Lee Toland Krieger,5462,0,109745,Directing
Tim McCanlies,5463,0,77919,Directing
Drew Goddard,5464,0,47506,Directing
Jason Friedberg,5465,0,35694,Directing
Paul Michael Glaser,5466,0,12988,Directing
John R. Leonetti,5467,0,26714,Directing
Tom Hanks,5468,0,31,Directing
Kimberly Peirce,5469,0,2836,Directing
Liz Friedlander,5470,1,60024,Directing
Phil Joanou,5471,0,18500,Directing
Shane Acker,5472,0,71923,Directing
Martha Coolidge,5473,1,63713,Directing
Stephen Anderson,5474,0,227438,Directing
Troy Miller,5475,0,58868,Directing
Tate Taylor,5476,0,55789,Directing
Brett Leonard,5477,0,57090,Directing
Alister Grierson,5478,0,59126,Directing
Nick Hurran,5479,0,42274,Directing
Charles Stone III,5480,0,80215,Directing
Paul Haggis,5481,0,455,Directing
Kurt Wimmer,5482,0,13927,Directing
Jean-François Richet,5483,0,58324,Directing
Kevin Hooks,5484,0,40230,Directing
Ellory Elkayem,5485,0,56150,Directing
Niki Caro,5486,1,15287,Directing
Vincenzo Natali,5487,0,5877,Directing
Willard Huyck,5488,0,686,Directing
Gavin O'Connor,5489,0,77003,Directing
Bruce Hunt,5490,0,44179,Directing
Christopher Roberts,5491,0,20305,Directing
Kim Jee-woon,5492,0,543568,Directing
Nick Hamm,5493,0,6361,Directing
Andy Cadiff,5494,0,80307,Directing
Mike Disa,5495,0,108952,Directing
Richard J. Lewis,5496,0,137475,Directing
Sergio Leone,5497,0,4385,Directing
Niels Arden Oplev,5498,0,19346,Directing
Michael Radford,5499,0,28898,Directing
Steve Boyum,5500,0,72258,Directing
Chen Kaige,5501,0,20640,Directing
Corey Yuen Kwai,5502,0,35452,Directing
Andrew Dominik,5503,0,37618,Directing
Jackie Chan,5504,0,18897,Directing
Laurent Tirard,5505,0,64575,Directing
Reinhard Klooss,5506,0,57035,Directing
Frédéric Auburtin,5507,0,21126,Directing
Olivier Dahan,5508,0,16919,Directing
Maksim Fadeev,5509,0,1565981,Directing
Liliana Cavani,5510,1,67750,Directing
Elizabeth Banks,5511,1,9281,Directing
Edward Norton,5512,0,819,Directing
Ben Falcone,5513,0,170820,Directing
Richard Attenborough,5514,0,4786,Directing
Don Mancini,5515,0,65677,Directing
John Maybury,5516,0,40307,Directing
Norton Virgien,5517,0,86439,Directing
Shinji Aramaki,5518,0,70100,Directing
Miguel Arteta,5519,0,61069,Directing
James Gray,5520,0,20561,Directing
Janusz Kaminski,5521,0,492,Directing
Robert B. Weide,5522,0,74159,Directing
Jeff Wadlow,5523,0,55075,Directing
Agustín Díaz Yanes,5524,0,127823,Directing
Camille Delamarre,5525,0,928490,Directing
David Lean,5526,0,12238,Directing
Richard Eyre,5527,0,36693,Directing
Nicholas Meyer,5528,0,1788,Directing
Callie Khouri,5529,1,17397,Directing
Sanaa Hamri,5530,1,64140,Directing
Todd Graff,5531,0,18342,Directing
Philip Kaufman,5532,0,648,Directing
Saul Dibb,5533,0,73460,Directing
Walter Murch,5534,0,154,Directing
Richard Linklater,5535,0,564,Directing
E. Elias Merhige,5536,0,17279,Directing
Menno Meyjes,5537,0,736,Directing
Jodie Foster,5538,1,1038,Directing
Scott Frank,5539,0,2199,Directing
Kevin Allen,5540,0,36083,Directing
Michael Cristofer,5541,0,21136,Directing
Andrew Morahan,5542,0,53599,Directing
Bob Rafelson,5543,0,19450,Directing
Michael Cohn,5544,0,56956,Directing
Alan Shapiro,5545,0,129941,Directing
Fernando Meirelles,5546,0,8557,Directing
Michael Hoffman,5547,0,52405,Directing
Oleg Stepchenko,5548,0,238220,Directing
Michael Winterbottom,5549,0,172,Directing
Michael Pressman,5550,0,59649,Directing
Sharon Maguire,5551,1,9158,Directing
Charles Herman-Wurmfeld,5552,0,76247,Directing
Gábor Csupó,5553,0,36697,Directing
Tyler Perry,5554,0,80602,Directing
Joe Carnahan,5555,0,40223,Directing
John Polson,5556,0,15337,Directing
Bernardo Bertolucci,5557,0,4956,Directing
Cathy Malkasian,5558,1,78488,Directing
Chris Nahon,5559,0,21931,Directing
Fred Wolf,5560,0,66563,Directing
Bille Woodruff,5561,0,62116,Directing
Victor Salva,5562,0,56349,Directing
Mark Helfrich,5563,0,1098,Directing
Steve Bendelack,5564,0,16356,Directing
Dwight H. Little,5565,0,56998,Directing
Guillaume Canet,5566,0,19866,Directing
Kirsten Sheridan,5567,1,41285,Directing
Richard Fleischer,5568,0,2087,Directing
Bob Spiers,5569,0,47974,Directing
Damien Dante Wayans,5570,0,59229,Directing
John Wells,5571,0,47333,Directing
Tim Fywell,5572,0,125544,Directing
Nigel Cole,5573,0,24248,Directing
Dexter Fletcher,5574,0,974,Directing
Jeremy Leven,5575,0,25210,Directing
Sylvain White,5576,0,31119,Directing
Troy Nixey,5577,0,135601,Directing
Philip G. Atwell,5578,0,65190,Directing
Jeff Schaffer,5579,0,57405,Directing
James Bridges,5580,0,14838,Directing
Steve Barron,5581,0,18308,Directing
Bill Paxton,5582,0,2053,Directing
Richard Kelly,5583,0,1577,Directing
Carter Smith,5584,0,68352,Directing
John Schlesinger,5585,0,19304,Directing
Ringo Lam,5586,0,26767,Directing
Bruce McCulloch,5587,0,73499,Directing
Patricia Riggen,5588,0,437833,Directing
Pascal Chaumeil,5589,0,8392,Directing
Jonathan Kaplan,5590,0,42171,Directing
Ole Bornedal,5591,0,22676,Directing
Richard Benjamin,5592,0,24318,Directing
Craig R. Baxley,5593,0,63709,Directing
John Hillcoat,5594,0,53333,Directing
John Guillermin,5595,0,6778,Directing
Marcos Siega,5596,0,74062,Directing
Rachel Talalay,5597,1,56891,Directing
Jeffrey W. Byrd,5598,0,109695,Directing
Atom Egoyan,5599,0,56205,Directing
Robert Towne,5600,0,11057,Directing
Giuseppe Tornatore,5601,0,65314,Directing
Werner Herzog,5602,0,6818,Directing
Jérôme Deschamps,5603,0,93592,Directing
Inna Evlannikova,5604,1,115999,Directing
Jonathan English,5605,0,83730,Directing
Sergey Bondarchuk,5606,0,38131,Directing
Teddy Chan,5607,0,70703,Directing
Mario Van Peebles,5608,0,16214,Directing
Leonard Nimoy,5609,0,1749,Directing
Herbert Ross,5610,0,18378,Directing
Bonnie Hunt,5611,1,5149,Directing
Neil LaBute,5612,0,58689,Directing
Grant Heslov,5613,0,31511,Directing
George Gallo,5614,0,21792,Directing
Sidney Lumet,5615,0,39996,Directing
Douglas McGrath,5616,0,32983,Directing
Kevin Spacey,5617,0,1979,Directing
Richard Williams,5618,0,116100,Directing
Mary McGuckian,5619,1,130482,Directing
Tony Goldwyn,5620,0,3417,Directing
Jonathan Newman,5621,0,558177,Directing
Michael Dinner,5622,0,84165,Directing
Joseph Sargent,5623,0,15663,Directing
Jerry Zaks,5624,0,59635,Directing
Fred Durst,5625,0,29783,Directing
Anne Fontaine,5626,1,48583,Directing
Jon Cassar,5627,0,25873,Directing
Mira Nair,5628,1,6495,Directing
Mel Brooks,5629,0,14639,Directing
Russell Crowe,5630,0,934,Directing
Jessie Nelson,5631,1,16853,Directing
Christopher Spencer,5632,0,235820,Directing
Mike Bigelow,5633,0,69498,Directing
Daniel Sackheim,5634,0,12632,Directing
Deborah Kaplan,5635,1,13614,Directing
Uli Edel,5636,0,15868,Directing
Fred Dekker,5637,0,44056,Directing
Brian Trenchard-Smith,5638,0,84981,Directing
Blake Edwards,5639,0,1927,Directing
Laurence Dunmore,5640,0,52894,Directing
Christian Carion,5641,0,70221,Directing
Dax Shepard,5642,0,51298,Directing
Rowan Joffe,5643,0,17608,Directing
John Curran,5644,0,96166,Directing
Juan José Campanella,5645,0,84714,Directing
Trey Parker,5646,0,34517,Directing
Stuart Gillard,5647,0,76418,Directing
Katt Shea,5648,1,102634,Directing
Joshua Michael Stern,5649,0,64139,Directing
Tomas Alfredson,5650,0,74396,Directing
John Duigan,5651,0,72624,Directing
Colin Higgins,5652,0,4967,Directing
Jim Sonzero,5653,0,58514,Directing
Penelope Spheeris,5654,0,58448,Directing
Jeff Tremaine,5655,0,56578,Directing
Jeannot Szwarc,5656,0,16187,Directing
Steve McQueen,5657,0,72757,Directing
Thea Sharrock,5658,1,1096867,Directing
Jon Lucas,5659,0,52114,Directing
Robin Budd,5660,0,1027737,Directing
Ava DuVernay,5661,1,929825,Directing
Steve Trenbirth,5662,0,142007,Directing
Mennan Yapo,5663,0,61087,Directing
Jun Falkenstein,5664,1,93301,Directing
Tom McCarthy,5665,0,17867,Directing
Takashi Shimizu,5666,0,20310,Directing
Gary Nelson,5667,0,47893,Directing
Anton Corbijn,5668,0,45052,Directing
Gregory Nava,5669,0,16395,Directing
John Patrick Shanley,5670,0,26095,Directing
Joshua Logan,5671,0,86051,Directing
Steve Beck,5672,0,57521,Directing
Todd Strauss-Schulson,5673,0,222470,Directing
John McNaughton,5674,0,9200,Directing
Nelson McCormick,5675,0,45627,Directing
Eric Valette,5676,0,51445,Directing
Andrew Fleming,5677,0,41549,Directing
Michael Spierig,5678,0,56501,Directing
Jim Field Smith,5679,0,111686,Directing
Thomas Bezucha,5680,0,56789,Directing
William Brent Bell,5681,0,62768,Directing
Ben Gluck,5682,0,61970,Directing
Jessica Bendinger,5683,1,53014,Directing
Henry Joost,5684,0,142272,Directing
Ed Harris,5685,0,228,Directing
Alfred Hitchcock,5686,0,2636,Directing
Shana Feste,5687,0,129718,Directing
Steve Rash,5688,0,54590,Directing
Mike Binder,5689,0,24173,Directing
Michael J. Bassett,5690,0,69593,Directing
Frank Nissen,5691,0,73161,Directing
Stephen Chow,5692,0,57607,Directing
Peter Hastings,5693,0,64149,Directing
Paul Abascal,5694,0,1216735,Directing
Chris Koch,5695,0,58059,Directing
Amy Heckerling,5696,1,57434,Directing
Michael Moore,5697,0,17087,Directing
George Stevens,5698,0,18738,Directing
Billy Ray,5699,0,21807,Directing
Mark Mylod,5700,0,57199,Directing
Stephen St. Leger,5701,0,936154,Directing
Michael O. Sajbel,5702,0,87178,Directing
Charles T. Kanganis,5703,0,36147,Directing
Damon Santostefano,5704,0,66039,Directing
Bob Clark,5705,0,12698,Directing
Frank Passingham,5706,0,53332,Directing
Benson Lee,5707,0,1046142,Directing
Glen Morgan,5708,0,58403,Directing
Mike Leigh,5709,0,65452,Directing
Alejandro Monteverde,5710,0,72960,Directing
Jonathan Glazer,5711,0,66728,Directing
J.C. Chandor,5712,0,556172,Directing
Paul Gross,5713,0,84021,Directing
Marc Abraham,5714,0,15219,Directing
Todd Haynes,5715,0,16863,Directing
Mabrouk El Mechri,5716,0,74924,Directing
Charlie Kaufman,5717,0,202,Directing
Nancy Walker,5718,1,47503,Directing
Angelo Pizzo,5719,0,44848,Directing
Matthew Diamond,5720,0,116370,Directing
Katsuhiro Otomo,5721,0,185,Directing
David Anspaugh,5722,0,44847,Directing
Andrew Jarecki,5723,0,23287,Directing
Daniel Algrant,5724,0,69696,Directing
Mike Barker,5725,0,77964,Directing
Wayne Thornley,5726,0,1098107,Directing
Gnana Rajasekaran,5727,0,1339129,Directing
Tom Walsh,5728,0,1275019,Directing
Jonathan Jakubowicz,5729,0,57454,Directing
Scott Walker,5730,0,1179590,Directing
Mark Rosman,5731,0,68770,Directing
Rob Hawk,5732,0,1585252,Directing
Britt Allcroft,5733,0,113733,Directing
Alan Yuen,5734,0,70110,Directing
Brian Percival,5735,0,126945,Directing
Anand Tucker,5736,0,26481,Directing
Anthony Mann,5737,0,40199,Directing
Michael Dowse,5738,0,71280,Directing
Daniel Barnz,5739,0,84061,Directing
Emile Ardolino,5740,0,716,Directing
Robert Altman,5741,0,9789,Directing
James Schamus,5742,0,1617,Directing
Andrew Douglas,5743,0,62721,Directing
Ricky Gervais,5744,0,17835,Directing
Vic Armstrong,5745,0,15358,Directing
Terry Zwigoff,5746,0,17447,Directing
Audrey Wells,5747,1,36805,Directing
Rick Friedberg,5748,0,65548,Directing
Sean McNamara,5749,0,129952,Directing
Jody Hill,5750,0,54710,Directing
Brandon Camp,5751,0,62541,Directing
Kevin Tancharoen,5752,0,101518,Directing
Nicholas Hytner,5753,0,55476,Directing
Bart Freundlich,5754,0,86203,Directing
William A. Fraker,5755,0,12846,Directing
John Boorman,5756,0,19665,Directing
Courtney Solomon,5757,0,61921,Directing
Jeff Kanew,5758,0,67897,Directing
István Szabó,5759,0,225898,Directing
Matthew Robbins,5760,0,12677,Directing
Hal Needham,5761,0,67767,Directing
Jeff Nichols,5762,0,71872,Directing
Jonathan Teplitzky,5763,0,97942,Directing
Michael Haneke,5764,0,6011,Directing
Zack Ward,5765,0,12714,Directing
Mike Marvin,5766,0,56173,Directing
Gregor Jordan,5767,0,57030,Directing
Olivier Assayas,5768,0,21678,Directing
Tran Anh Hung,5769,0,107730,Directing
Lance Hool,5770,0,57154,Directing
Christian Volckman,5771,0,57557,Directing
Rodrigo Cortés,5772,0,95320,Directing
David Hayter,5773,0,10995,Directing
Cory Edwards,5774,0,61373,Directing
Terry George,5775,0,2589,Directing
Xavier Gens,5776,0,18184,Directing
Kasi Lemmons,5777,1,51864,Directing
Brian A Miller,5778,0,1024823,Directing
Matt Dillon,5779,0,2876,Directing
George Cukor,5780,0,14674,Directing
John Robert Hoffman,5781,0,89113,Directing
Kevin Greutert,5782,0,2150,Directing
John Fortenberry,5783,0,58316,Directing
Erik White,5784,0,130687,Directing
Christian Robinson,5785,0,75687,Directing
Jason Moore,5786,0,168667,Directing
Robert Harmon,5787,0,57895,Directing
Trent Cooper,5788,0,130822,Directing
Gary Halvorson,5789,0,150641,Directing
Nicholas Ray,5790,0,2765,Directing
Fede Alvarez,5791,0,932248,Directing
Sidney J. Furie,5792,0,64508,Directing
Ian Iqbal Rashid,5793,0,190339,Directing
Wayne Kramer,5794,0,19000,Directing
Rowdy Herrington,5795,0,63943,Directing
Jim Goddard,5796,0,134639,Directing
Noel Marshall,5797,0,29342,Directing
Andrea Di Stefano,5798,1,40541,Directing
Guillaume Ivernel,5799,0,66856,Directing
Jack Smight,5800,0,30422,Directing
Todd Lincoln ,5801,0,587800,Directing
Howard Zieff,5802,0,34611,Directing
Steven Shainberg,5803,0,67795,Directing
Julian Jarrold,5804,0,29226,Directing
Joe Nussbaum,5805,0,54597,Directing
Vadim Perelman,5806,0,78118,Directing
Michel Hazanavicius,5807,0,67717,Directing
Cyrus Nowrasteh,5808,0,110618,Directing
Perry Andelin Blake,5809,0,20824,Directing
Christian E. Christiansen,5810,0,143079,Directing
Sheldon Lettich,5811,0,16590,Directing
Diane English,5812,1,76230,Directing
Peter Flinth,5813,0,75043,Directing
Robert Iscove,5814,0,64815,Directing
Peter Kosminsky,5815,0,67781,Directing
Nick Gomez,5816,0,17278,Directing
Allen Coulter,5817,0,16834,Directing
Clare Kilner,5818,1,51600,Directing
Josef Rusnak,5819,0,15361,Directing
Lance Rivera,5820,0,302339,Directing
Ronald Neame,5821,0,7501,Directing
Bruce Paltrow,5822,0,173607,Directing
Adam Rifkin,5823,0,50583,Directing
Susanne Bier,5824,1,1011,Directing
Kenneth Johnson,5825,0,19142,Directing
James Ivory,5826,0,54441,Directing
Jessy Terrero,5827,0,73832,Directing
Dany Boon,5828,0,37627,Directing
Vicente Amorim,5829,0,72133,Directing
Gaspar Noé,5830,0,14597,Directing
Jérôme Salle,5831,0,69987,Directing
Tommy Lee Jones,5832,0,2176,Directing
Jesse Vaughan,5833,0,114646,Directing
William Bindley,5834,0,140151,Directing
Wayne Beach,5835,0,58667,Directing
Gérard Krawczyk,5836,0,21647,Directing
Udayan Prasad,5837,0,145304,Directing
Yoon Je-kyoon,5838,0,87537,Directing
Morten Tyldum,5839,0,77965,Directing
Andy Muschietti,5840,0,1113116,Directing
Gillian Armstrong,5841,1,58094,Directing
James Watkins,5842,0,63306,Directing
Jim Fall,5843,0,19228,Directing
Ric Roman Waugh,5844,0,76422,Directing
Michael Dougherty,5845,0,11012,Directing
Joel Gallen,5846,0,57604,Directing
James Marsh,5847,0,76998,Directing
Matt Williams,5848,0,34481,Directing
Rob Zombie,5849,0,16848,Directing
Dennis Iliadis,5850,0,94108,Directing
Rick Rosenthal,5851,0,33341,Directing
Denzel Washington,5852,0,5292,Directing
Nicolas Winding Refn,5853,0,21183,Directing
Sara Sugarman,5854,1,58628,Directing
Juan Carlos Fresnadillo,5855,0,17597,Directing
Gina Prince-Bythewood,5856,1,71947,Directing
Phil Traill,5857,0,78562,Directing
Joe Berlinger,5858,0,69237,Directing
Elizabeth Allen Rosenbaum,5859,1,1223175,Directing
Michael Mayer,5860,0,50460,Directing
Martin Weisz,5861,0,58260,Directing
John Ottman,5862,0,9039,Directing
John Bonito,5863,0,56453,Directing
Peter Atencio,5864,0,136153,Directing
David Nutter,5865,0,33316,Directing
Derek Cianfrance,5866,0,139098,Directing
Stephan Elliott,5867,0,27889,Directing
Mark L. Lester,5868,0,67753,Directing
Tom Green,5869,0,36423,Directing
Mike Nawrocki,5870,0,78298,Directing
Douglas Aarniokoski,5871,0,71901,Directing
Bryan Barber,5872,0,75646,Directing
Lone Scherfig,5873,1,1176,Directing
Drew Barrymore,5874,1,69597,Directing
Brian Koppelman,5875,0,16304,Directing
James Foley,5876,0,15890,Directing
Albert Brooks,5877,0,13,Directing
Steve Gomer,5878,0,104507,Directing
RZA,5879,0,150,Directing
Mark Piznarski,5880,0,1219210,Directing
Craig Brewer,5881,0,53267,Directing
David Raynr,5882,0,161858,Directing
Mort Nathan,5883,0,57962,Directing
Dan Curtis,5884,0,29648,Directing
Wil Shriner,5885,0,151232,Directing
Martin McDonagh,5886,0,54472,Directing
Tina Gordon Chism,5887,0,84124,Directing
Peter Cattaneo,5888,0,57630,Directing
Mary Lambert,5889,1,56263,Directing
Peter Kassovitz,5890,0,18204,Directing
Rodman Flender,5891,0,50719,Directing
Katja von Garnier,5892,1,62872,Directing
Mark Romanek,5893,0,57446,Directing
Brad Anderson,5894,0,37948,Directing
Michael Chapman,5895,0,1044,Directing
Antonio Banderas,5896,0,3131,Directing
Khalil Sullins,5897,0,1498767,Directing
Fritz Lang,5898,0,68,Directing
Hou Hsiao-hsien,5899,0,64992,Directing
Andrey Zvyagintsev,5900,0,68519,Directing
Tony Jaa,5901,0,57207,Directing
Ryûhei Kitamura,5902,0,45996,Directing
Darrell James Roodt,5903,0,16730,Directing
Dito Montiel,5904,0,53935,Directing
Stefan Ruzowitzky,5905,0,15115,Directing
Jake Paltrow,5906,0,122582,Directing
Juraj Jakubisko,5907,0,78001,Directing
Anthony Silverston,5908,0,1199049,Directing
Gabe Ibáñez,5909,0,119953,Directing
Gerry Lively,5910,0,21394,Directing
Daniele Luchetti,5911,0,59911,Directing
Derek Yee Tung-Sing,5912,0,240150,Directing
Julien Temple,5913,0,22669,Directing
Gregory Jacobs,5914,0,119665,Directing
Gilles Paquet-Brenner,5915,0,144519,Directing
Peter Cousens,5916,0,1219769,Directing
Lars von Trier,5917,0,42,Directing
John Cornell,5918,0,57594,Directing
Vidhu Vinod Chopra,5919,0,99710,Directing
Jamie Blanks,5920,0,59958,Directing
Randal Kleiser,5921,0,8876,Directing
Phil Vischer,5922,0,78297,Directing
Rick Famuyiwa,5923,0,51866,Directing
Alan Cohn,5924,0,111247,Directing
Franco Zeffirelli,5925,0,24657,Directing
Tom Holland,5926,0,64796,Directing
James Isaac,5927,0,69579,Directing
Emilio Estevez,5928,0,2880,Directing
Josh Schwartz,5929,0,168798,Directing
Julian Schnabel,5930,0,7482,Directing
Todd Field,5931,0,5010,Directing
Davis Guggenheim,5932,0,19012,Directing
Stephen Carpenter,5933,0,56913,Directing
James Fargo,5934,0,66222,Directing
Alain Resnais,5935,0,11983,Directing
Kenneth Lonergan,5936,0,30711,Directing
Bo Zenga,5937,0,73833,Directing
Danny Leiner,5938,0,56591,Directing
Christopher Cain,5939,0,56828,Directing
Theodore Melfi,5940,0,1141683,Directing
Ed Decter,5941,0,7397,Directing
Gene Quintano,5942,0,56953,Directing
Eric Bress,5943,0,20218,Directing
Preston A. Whitmore II,5944,0,76705,Directing
Kirk Wong,5945,0,58036,Directing
Bronwen Hughes,5946,1,18320,Directing
John Lafia,5947,0,65678,Directing
Sam Miller,5948,0,134156,Directing
Alex Garland,5949,0,2036,Directing
Mark Brown,5950,0,66116,Directing
Michael Polish,5951,0,41887,Directing
Daisy von Scherler Mayer,5952,1,56714,Directing
Lenny Abrahamson,5953,0,83281,Directing
Bob Saget,5954,0,72450,Directing
John Waters,5955,0,10367,Directing
Craig Bolotin,5956,0,34692,Directing
Mark Christopher,5957,0,33541,Directing
Blair Hayes,5958,0,58518,Directing
Jez Butterworth,5959,0,21339,Directing
Isabel Coixet,5960,1,90,Directing
Patrice Leconte,5961,0,37626,Directing
Paul Mazursky,5962,0,47773,Directing
Stephen Chbosky,5963,0,19311,Directing
Jon Hess,5964,0,82033,Directing
Mark Neveldine,5965,0,20193,Directing
Joe Cornish,5966,0,155531,Directing
John H. Lee,5967,0,78866,Directing
John Stainton,5968,0,944713,Directing
Benedek Fliegauf,5969,0,227936,Directing
Paul Schrader,5970,0,1035,Directing
Stewart Hendler,5971,0,130837,Directing
John Cromwell,5972,0,31497,Directing
Mark Herman,5973,0,55299,Directing
Abel Ferrara,5974,0,39104,Directing
George Hickenlooper,5975,0,37852,Directing
Don Bluth,5976,0,40345,Directing
Kang Je-gyu,5977,0,64883,Directing
William Dear,5978,0,56506,Directing
Stéphane Aubier,5979,0,126597,Directing
John Badham,5980,0,12840,Directing
Mike McCoy,5981,0,90429,Directing
Mike Judge,5982,0,17403,Directing
Tamra Davis,5983,1,57691,Directing
Nima Nourizadeh,5984,0,1299380,Directing
Franklin J. Schaffner,5985,0,13265,Directing
John Erick Dowdle,5986,0,77147,Directing
David Moreau,5987,0,56735,Directing
Christopher Erskin,5988,0,234818,Directing
Brian Henson,5989,0,65298,Directing
Dan Cutforth,5990,0,1027017,Directing
Josh Boone,5991,0,1053420,Directing
Jake Schreier,5992,0,836732,Directing
Cheryl Dunye,5993,0,232937,Directing
Ernest R. Dickerson,5994,0,15521,Directing
Lionel C. Martin,5995,0,229097,Directing
Wallace Wolodarsky,5996,0,486,Directing
Nicholas Jarecki,5997,0,81856,Directing
Dean Israelite,5998,0,1099862,Directing
Darnell Martin,5999,1,81727,Directing
Scott Alexander,6000,0,7130,Directing
Stuart Gordon,6001,0,27991,Directing
Christopher Guest,6002,0,13524,Directing
Jane Campion,6003,1,10757,Directing
Fred Schepisi,6004,0,64061,Directing
Antonia Bird,6005,1,42617,Directing
Jon Poll,6006,0,10395,Directing
Paolo Sorrentino,6007,0,56194,Directing
Peter Care,6008,0,42518,Directing
Park Chan-wook,6009,0,10099,Directing
Ira Sachs,6010,0,53708,Directing
Carroll Ballard,6011,0,68212,Directing
Takeshi Kitano,6012,0,3317,Directing
Marco Kreuzpaintner,6013,0,5192,Directing
Lajos Koltai,6014,0,47275,Directing
Alan Rudolph,6015,0,72427,Directing
Lu Chuan,6016,0,92015,Directing
Lijun Sun,6017,0,1438306,Directing
Takashi Yamazaki,6018,0,43652,Directing
Christopher Smith,6019,0,41041,Directing
Timothy Hines,6020,0,1128550,Directing
David Winters,6021,0,29700,Directing
Akira Kurosawa,6022,0,5026,Directing
Jamie Thraves,6023,0,83224,Directing
Mabel Cheung,6024,0,103602,Directing
Dan Mazer,6025,0,6733,Directing
R.J. Cutler,6026,0,1284493,Directing
David S. Ward,6027,0,12920,Directing
Barnaby Thompson,6028,0,21677,Directing
Rob Pritts,6029,0,123694,Directing
John Crowley,6030,0,77269,Directing
Brendan Malloy,6031,0,82221,Directing
Dustin Hoffman,6032,0,4483,Directing
Gregory Poirier,6033,0,50942,Directing
Simon Curtis,6034,0,133502,Directing
Dewey Nicks,6035,0,113641,Directing
Philip Saville,6036,0,107414,Directing
Tim Blake Nelson,6037,0,1462,Directing
William A. Graham,6038,0,83467,Directing
Martin Ritt,6039,0,18854,Directing
John Turturro,6040,0,1241,Directing
Agnieszka Holland,6041,1,1128,Directing
David Hackl,6042,0,2679,Directing
Giuliano Montaldo,6043,0,132257,Directing
Lisa Azuelos,6044,1,229568,Directing
Ray Lawrence,6045,0,38774,Directing
Karan Johar,6046,0,35736,Directing
Ruairi Robinson,6047,0,90508,Directing
Jaume Balagueró,6048,0,54525,Directing
Jon Kasdan,6049,0,30368,Directing
Léa Pool,6050,1,135534,Directing
Floyd Mutrux,6051,0,67834,Directing
Sajid Khan,6052,0,14086,Directing
Dean Wright,6053,0,112630,Directing
Eric Lartigau,6054,0,85340,Directing
Shintaro Shimosawa,6055,0,432629,Directing
Darren Lynn Bousman,6056,0,2675,Directing
James DeMonaco,6057,0,53120,Directing
Bernhard Wicki,6058,0,9894,Directing
Carol Reed,6059,0,15378,Directing
Chuck Sheetz,6060,0,141706,Directing
Marcus Raboy,6061,0,65133,Directing
Leigh Whannell,6062,0,2128,Directing
Michael Schultz,6063,0,77300,Directing
Peter Sollett,6064,0,71548,Directing
Bob Dolman,6065,0,12648,Directing
Greg Coolidge,6066,0,47364,Directing
David Lowery,6067,0,592493,Directing
Ciaran Foy,6068,0,145142,Directing
Salim Akil,6069,0,225556,Directing
Olatunde Osunsanmi,6070,0,62369,Directing
Leon Ichaso,6071,0,78997,Directing
Joseph Zito,6072,0,64195,Directing
Patricia Rozema,6073,1,55439,Directing
Rob Schmidt,6074,0,60243,Directing
Ben Garant,6075,0,59413,Directing
Morgan Spurlock,6076,0,57492,Directing
Neal Brennan,6077,0,57692,Directing
Tuck Tucker,6078,0,1409418,Directing
Theodore Witcher,6079,0,120515,Directing
Joel Edgerton,6080,0,33192,Directing
Jim Hanon,6081,0,307546,Directing
Michael Patrick Jann,6082,0,59412,Directing
Jorma Taccone,6083,0,62863,Directing
Jeff Lowell,6084,0,57173,Directing
Lorene Scafaria,6085,1,71551,Directing
Marcus Dunstan,6086,0,51023,Directing
Timothy Bjorklund,6087,0,1082114,Directing
François Girard,6088,0,78012,Directing
Scott Kalvert,6089,0,65390,Directing
Jason Bateman,6090,0,23532,Directing
David Schwimmer,6091,0,14409,Directing
Allan Arkush,6092,0,83198,Directing
Eric Bross,6093,0,60045,Directing
Dan Fogelman,6094,0,15892,Directing
Jay Duplass,6095,0,45405,Directing
Luca Guadagnino,6096,0,78160,Directing
John Putch,6097,0,21475,Directing
Peter Medak,6098,0,21377,Directing
Terence Davies,6099,0,93911,Directing
Harley Cokeliss,6100,0,23858,Directing
Tom Brady,6101,0,66512,Directing
Jason Zada,6102,0,1300274,Directing
Noah Baumbach,6103,0,5656,Directing
Eric Blakeney,6104,0,95818,Directing
Rakesh Roshan,6105,0,1032103,Directing
Derrick Borte,6106,0,126910,Directing
Richard Kwietniowski,6107,0,228797,Directing
Bob Odenkirk,6108,0,59410,Directing
Joshua Seftel,6109,0,93047,Directing
Vincent Gallo,6110,0,22461,Directing
Claude Chabrol,6111,0,19069,Directing
Jon Stewart,6112,0,12219,Directing
Bigas Luna,6113,0,37577,Directing
Ralph Fiennes,6114,0,5469,Directing
Dan Harris,6115,0,11013,Directing
Mel Smith,6116,0,141450,Directing
Bobcat Goldthwait,6117,0,95024,Directing
Jake Scott,6118,0,65317,Directing
Alan Metter,6119,0,69801,Directing
Rafa Lara,6120,0,1432207,Directing
Alan Smithee,6121,0,55948,Directing
Michael Meredith,6122,0,17845,Directing
Julio DePietro,6123,0,129716,Directing
Katherine Dieckmann,6124,1,89395,Directing
Kim Farrant,6125,0,219961,Directing
Scott Marshall Smith,6126,0,69144,Directing
Álex de la Iglesia,6127,0,57865,Directing
Andrew Traucki,6128,0,81328,Directing
Michael Clancy,6129,0,4910,Directing
Robert Adetuyi,6130,0,31120,Directing
Kari Skogland,6131,1,22140,Directing
Taedong Park,6132,0,1291685,Directing
Benedikt Erlingsson,6133,0,42092,Directing
Gurinder Chadha,6134,1,6220,Directing
Jason Connery,6135,0,25527,Directing
Vic Sarin,6136,0,87121,Directing
Jim Issa,6137,0,1434341,Directing
William Phillips,6138,0,107630,Directing
Andy García,6139,0,1271,Directing
Sarik Andreasyan,6140,0,232858,Directing
Julian Gilbey,6141,0,63052,Directing
Gary Sherman,6142,0,33094,Directing
Valeri Milev,6143,0,1040955,Directing
Stanley Kramer,6144,0,4081,Directing
Pedro Almodóvar,6145,0,309,Directing
Gerald Potterton,6146,0,70616,Directing
Anurag Basu,6147,0,119819,Directing
Kriv Stenders,6148,0,110427,Directing
Yash Chopra,6149,0,35770,Directing
Floria Sigismondi,6150,0,98521,Directing
Ferzan Ozpetek,6151,0,72197,Directing
Kris Isacsson,6152,0,65627,Directing
Ben Younger,6153,0,24294,Directing
Daniel Taplitz,6154,0,74063,Directing
Tamara Jenkins,6155,0,54240,Directing
Linda Mendoza,6156,0,1214860,Directing
Hart Bochner,6157,0,7678,Directing
Stewart Raffill,6158,0,59023,Directing
Na Hong-jin,6159,0,1296119,Directing
Chatrichalerm Yukol,6160,0,565524,Directing
Eric Lavaine,6161,0,121588,Directing
Marc Forby,6162,0,59923,Directing
Ole Christian Madsen,6163,0,56195,Directing
Meiert Avis,6164,0,1045480,Directing
André Téchiné,6165,0,96627,Directing
Emily Young,6166,1,47201,Directing
Peter Faiman,6167,0,58453,Directing
Martyn Pick,6168,0,145169,Directing
Roland Suso Richter,6169,0,33036,Directing
Jeremy Sims,6170,0,75544,Directing
Maïwenn,6171,1,64210,Directing
Joby Harold,6172,0,74569,Directing
Ekachai Uekrongtham,6173,0,49605,Directing
Mark Rydell,6174,0,21958,Directing
David E. Talbert,6175,0,109692,Directing
Roger Vadim,6176,0,53767,Directing
Nils Gaup,6177,0,22558,Directing
Ari Sandel,6178,0,991868,Directing
Vondie Curtis-Hall,6179,0,6198,Directing
Tom Elkins,6180,0,51795,Directing
Kang Woo-Suk,6181,0,85006,Directing
John Sayles,6182,0,102445,Directing
Vipul Amrutlal Shah,6183,0,88142,Directing
Ken Loach,6184,0,15488,Directing
Ayan Mukherjee,6185,0,87378,Directing
Mervyn LeRoy,6186,0,9054,Directing
Serdar Akar,6187,0,70579,Directing
James Frawley,6188,0,68457,Directing
Dan Gilroy,6189,0,57113,Directing
Jonathan Dayton,6190,0,16959,Directing
Chris Stokes,6191,0,127936,Directing
Don Siegel,6192,0,14773,Directing
Martin Lawrence,6193,0,78029,Directing
Masayuki Ochiai,6194,0,67316,Directing
Tom Gormican,6195,0,1211000,Directing
Ken Shapiro,6196,0,99339,Directing
Justin Tipping,6197,0,1354959,Directing
Peter R. Hunt,6198,0,9868,Directing
Doug Atchison,6199,0,109640,Directing
Jonas Elmer,6200,0,130128,Directing
Mary Harron,6201,1,16378,Directing
Erik Canuel,6202,0,32868,Directing
Troy Duffy,6203,0,54795,Directing
Nicole Holofcener,6204,1,56539,Directing
Matty Rich,6205,0,230059,Directing
Fina Torres,6206,1,144277,Directing
François Ozon,6207,0,4387,Directing
Ryan Fleck,6208,0,53068,Directing
Steve James,6209,0,122449,Directing
Michael Winner,6210,0,19244,Directing
Tomm Moore,6211,0,96676,Directing
John Carney,6212,0,45117,Directing
David Jacobson,6213,0,53212,Directing
Michael Corrente,6214,0,77076,Directing
Edward Hall,6215,0,1134201,Directing
Keith Gordon,6216,0,33054,Directing
Andrew Currie,6217,0,64754,Directing
Luke Wilson,6218,0,36422,Directing
Marc Schölermann,6219,0,73588,Directing
Coky Giedroyc,6220,1,115677,Directing
Robert Moresco,6221,0,137064,Directing
Thomas Vinterberg,6222,0,4453,Directing
Claudia Llosa,6223,1,101399,Directing
Charles Binamé,6224,0,93136,Directing
Keith Parmer,6225,0,228311,Directing
Ol Parker,6226,0,17510,Directing
James Nunn,6227,0,1088096,Directing
David Webb Peoples,6228,0,7191,Directing
Michael Winnick,6229,0,101233,Directing
Stanley Tong,6230,0,44916,Directing
David Oelhoffen,6231,0,585161,Directing
Eli Roth,6232,0,16847,Directing
Tony Richardson,6233,0,32765,Directing
Charles Robert Carner,6234,0,84113,Directing
Russell Holt,6235,0,229198,Directing
Claude Miller,6236,0,18209,Directing
Sacha Bennett,6237,0,107039,Directing
Rodrigo García,6238,0,77162,Directing
Jeta Amata,6239,0,968998,Directing
Siddharth Anand,6240,0,35785,Directing
Vincent Paronnaud,6241,0,20709,Directing
Dennis Gansel,6242,0,52961,Directing
Daniel Barber,6243,0,94918,Directing
Robert Marcarelli,6244,0,102797,Directing
Ernie Barbarash,6245,0,5917,Directing
Guy Hamilton,6246,0,9915,Directing
Adam Brooks,6247,0,16328,Directing
Michael Anderson,6248,0,20412,Directing
James D. Stern,6249,0,52159,Directing
Matt Bettinelli-Olpin,6250,0,66681,Directing
Sharron Miller,6251,1,158835,Directing
Aaron Schneider,6252,0,58292,Directing
Tom Ford,6253,0,120615,Directing
Tony Maylam,6254,0,70415,Directing
Mitch Davis,6255,0,86164,Directing
Kevin Brodie,6256,0,40220,Directing
Lynne Ramsay,6257,1,83287,Directing
John Stephenson,6258,0,1387618,Directing
Tim Chambers,6259,0,550857,Directing
Dick Richards,6260,0,19333,Directing
Bob Gosse,6261,0,36187,Directing
Alex Zamm,6262,0,88077,Directing
Spencer Susser,6263,0,131521,Directing
Thaddeus O'Sullivan,6264,0,72467,Directing
Shari Springer Berman,6265,1,72205,Directing
Aleksey German,6266,0,270361,Directing
Stephen Milburn Anderson,6267,0,96745,Directing
Richard E. Grant,6268,0,20766,Directing
David Lam,6269,0,141503,Directing
Vladlen Barbe,6270,0,1006810,Directing
Richard Rich,6271,0,107274,Directing
Robert C. Cooper,6272,0,27745,Directing
Kim Nguyen,6273,0,646785,Directing
Jackie Earle Haley,6274,0,17183,Directing
Max Färberböck,6275,0,22677,Directing
Arie Posin,6276,0,76009,Directing
Damian Nieman,6277,0,77062,Directing
Mark Tonderai,6278,0,86482,Directing
Ian Fitzgibbon,6279,0,109978,Directing
Rachel Perkins,6280,1,942251,Directing
Luis Valdez,6281,0,82219,Directing
Alan Alda,6282,0,21278,Directing
Louis Morneau,6283,0,65420,Directing
Caroline Link,6284,1,4522,Directing
Sterling Van Wagenen,6285,0,1053020,Directing
Zal Batmanglij,6286,0,933739,Directing
Hans Petter Moland,6287,0,95972,Directing
Oren Moverman,6288,0,34110,Directing
Ian Sharp,6289,0,113907,Directing
Wolfgang Becker,6290,0,4780,Directing
Dan O'Bannon,6291,0,5045,Directing
George Roy Hill,6292,0,9577,Directing
Robert Stevenson,6293,0,5834,Directing
Gary Hardwick,6294,0,95458,Directing
King Vidor,6295,0,29962,Directing
Fred Savage,6296,0,2223,Directing
Sammo Hung,6297,0,62410,Directing
Rusty Cundieff,6298,0,141825,Directing
Dominique Othenin-Girard,6299,0,32813,Directing
Jean-Jacques Mantello,6300,0,111085,Directing
Risa Bramon Garcia,6301,1,3191,Directing
Brian Klugman,6302,0,51996,Directing
Matt Piedmont,6303,0,589159,Directing
Raymond De Felitta,6304,0,99496,Directing
John Michael McDonagh,6305,0,65594,Directing
Deb Hagan,6306,1,77911,Directing
Zach Cregger,6307,0,84833,Directing
Zach Braff,6308,0,5367,Directing
Mark Tarlov,6309,0,18679,Directing
John Cameron Mitchell,6310,0,17114,Directing
Jon Knautz,6311,0,80006,Directing
David Atkins,6312,0,67910,Directing
Patrick Stettner,6313,0,59210,Directing
Sam Peckinpah,6314,0,7767,Directing
Michael Crichton,6315,0,4782,Directing
Sylvio Tabet,6316,0,24757,Directing
Rick Bieber,6317,0,71339,Directing
Joey Lauren Adams,6318,1,16484,Directing
Fred Zinnemann,6319,0,4065,Directing
S.R. Bindler,6320,0,75882,Directing
Greg Marcks,6321,0,57125,Directing
Perry Lang,6322,0,124783,Directing
Jake Goldberger,6323,0,114596,Directing
William Kaufman,6324,0,228177,Directing
Jim O'Hanlon,6325,0,152249,Directing
Cédric Klapisch,6326,0,17520,Directing
Kate Barker-Froyland,6327,0,1280037,Directing
Martin Koolhoven,6328,0,80630,Directing
Charles Matthau,6329,0,122728,Directing
Christopher Bessette,6330,0,1102620,Directing
Prachya Pinkaew,6331,0,57214,Directing
Gary Sinyor,6332,0,20779,Directing
Ashish R. Mohan,6333,0,131856,Directing
Darren Grant,6334,0,77441,Directing
Joseph Gordon-Levitt,6335,0,24045,Directing
William Sachs,6336,0,554946,Directing
Christophe Barratier,6337,0,43993,Directing
Émile Gaudreault,6338,0,6980,Directing
James Cox,6339,0,40508,Directing
James Toback,6340,0,56381,Directing
Aki Kaurismäki,6341,0,16767,Directing
Hitoshi Matsumoto,6342,0,71080,Directing
Rakeysh Omprakash Mehra,6343,0,53671,Directing
Collin Schiffli,6344,0,1288700,Directing
George Ratliff,6345,0,46802,Directing
Shane Meadows,6346,0,70520,Directing
Jon Wright,6347,0,89824,Directing
Michael McGowan,6348,0,83415,Directing
Liv Ullmann,6349,1,11916,Directing
Rohan Sippy,6350,0,85445,Directing
Dan Trachtenberg,6351,0,568322,Directing
David F. Sandberg,6352,0,1302082,Directing
Stiles White,6353,0,84962,Directing
Eugenio Derbez,6354,0,239574,Directing
Henry Koster,6355,0,33064,Directing
Patty Jenkins,6356,1,6884,Directing
Christopher B. Landon,6357,0,54248,Directing
David Gelb,6358,0,928915,Directing
Mike Flanagan,6359,0,551463,Directing
Nat Faxon,6360,0,105648,Directing
Doug McHenry,6361,0,67896,Directing
George T. Miller,6362,0,1174031,Directing
Maurice Joyce,6363,0,261271,Directing
Robert Duvall,6364,0,3087,Directing
Frank Perry,6365,0,113799,Directing
Jesse Peretz,6366,0,130816,Directing
Ice Cube,6367,0,9778,Directing
Richard Glatzer,6368,0,82335,Directing
Michael Curtiz,6369,0,4109,Directing
Bruce Malmuth,6370,0,58040,Directing
Rob Hedden,6371,0,64735,Directing
Harmony Korine,6372,0,51918,Directing
Joe Chappelle,6373,0,55116,Directing
Mickey Liddell,6374,0,48498,Directing
Fred Walton,6375,0,62556,Directing
Steve Carver,6376,0,102627,Directing
Gonzalo López-Gallego,6377,0,77123,Directing
Christine Jeffs,6378,1,74152,Directing
Don Coscarelli,6379,0,58245,Directing
Michael Tiddes,6380,0,1110102,Directing
Bill Duke,6381,0,1103,Directing
Frank Borzage,6382,0,14855,Directing
Mamoru Hosoda,6383,0,81718,Directing
Brian Dannelly,6384,0,74259,Directing
Denys Arcand,6385,0,38516,Directing
J.S. Cardone,6386,0,52371,Directing
Jay Levey,6387,0,71042,Directing
Nicholaus Goossen,6388,0,60149,Directing
Scott Marshall,6389,0,83070,Directing
Ronan Chapalain,6390,0,583893,Directing
Xavier Beauvois,6391,0,72320,Directing
Randall Miller,6392,0,77121,Directing
Jerry Belson,6393,0,29705,Directing
Dan Rush,6394,0,133406,Directing
Michael Cuesta,6395,0,84931,Directing
Fenton Bailey,6396,0,16957,Directing
Jeremy Saulnier,6397,0,74655,Directing
Billy Kent,6398,0,87191,Directing
James Manera,6399,0,1343882,Directing
Feroz Abbas Khan,6400,0,120426,Directing
Errol Morris,6401,0,18533,Directing
Dennis Hopper,6402,0,2778,Directing
Eli Craig,6403,0,52479,Directing
Nicholas Fackler,6404,0,989831,Directing
Richard Wallace,6405,0,95723,Directing
Morgan J. Freeman,6406,0,66800,Directing
Matthew Hastings,6407,0,58912,Directing
Klaus Menzel,6408,0,568267,Directing
Oren Peli,6409,0,90591,Directing
Paul Andrew Williams,6410,0,80384,Directing
William H. Macy,6411,0,3905,Directing
Barrett Esposito,6412,0,1365766,Directing
Vicky Jewson,6413,0,1404799,Directing
Marcia Bennett,6414,1,40385,Directing
Stanton Barrett,6415,0,1393858,Directing
Jirí Menzel,6416,0,11720,Directing
Fatih Akin,6417,0,5125,Directing
Nick Murphy ,6418,0,582918,Directing
Frank LaLoggia,6419,0,583023,Directing
Jeremy Brock,6420,0,35005,Directing
Scott Foley,6421,0,35595,Directing
Christophe Ali,6422,0,123912,Directing
Gabriela Tagliavini,6423,1,84437,Directing
Shona Auerbach,6424,0,56474,Directing
Leonard Farlinger,6425,0,69168,Directing
Michel Leclerc,6426,0,225887,Directing
Analeine Cal y Mayor,6427,0,1148217,Directing
Tom Kalin,6428,0,66983,Directing
Robert Sarkies,6429,0,67106,Directing
John Huston,6430,0,6593,Directing
Walter Lang,6431,0,80570,Directing
Carlos Saura,6432,0,96369,Directing
Jon Erwin,6433,0,844266,Directing
Beto Gómez,6434,0,545086,Directing
Mike van Diem,6435,0,123150,Directing
Jonas Åkerlund,6436,0,71329,Directing
Todd Solondz,6437,0,66605,Directing
René Féret,6438,0,24481,Directing
Barry Skolnick,6439,0,61571,Directing
Johnnie To,6440,0,25236,Directing
Mateo Gil,6441,0,19841,Directing
Lukas Moodysson,6442,0,11037,Directing
Agnieszka Wojtowicz-Vosloo,6443,1,129715,Directing
Kabir Sadanand,6444,0,1352997,Directing
Peter DeLuise,6445,0,118463,Directing
Raja Menon,6446,0,87296,Directing
Kevin Sullivan,6447,0,134306,Directing
Nick Love,6448,0,41530,Directing
Ivan Engler,6449,0,114545,Directing
Cecil B. DeMille,6450,0,8636,Directing
Henry Hobson,6451,0,1354171,Directing
Mike Figgis,6452,0,6111,Directing
Duane Journey,6453,0,1149038,Directing
Billy Wilder,6454,0,3146,Directing
Lisa Cholodenko,6455,1,75699,Directing
John Sturges,6456,0,14520,Directing
William Arntz,6457,0,55420,Directing
Ed Gass-Donnelly,6458,0,557179,Directing
DJ Pooh,6459,0,65134,Directing
James Melkonian,6460,0,73668,Directing
Roger Avary,6461,0,8297,Directing
Allison Anders,6462,1,3110,Directing
Rick de Oliveira,6463,0,1491995,Directing
Jeff Franklin,6464,0,60621,Directing
Mike Mills,6465,0,17439,Directing
Dave McKean,6466,0,87081,Directing
Ron Fricke,6467,0,68994,Directing
Ruggero Deodato,6468,0,45572,Directing
Gavin Wiesen,6469,0,119417,Directing
Mora Stephens,6470,0,1004172,Directing
Mars Callahan,6471,0,91389,Directing
Leos Carax,6472,0,27977,Directing
Stefan Schwartz,6473,0,94155,Directing
Robert Lee King,6474,0,133183,Directing
Jorge Ramírez Suárez,6475,0,940807,Directing
Dan Ireland,6476,0,69099,Directing
Fernando León de Aranoa,6477,0,15602,Directing
Jim Mickle,6478,0,87082,Directing
Karim Aïnouz,6479,0,55018,Directing
Sam Levinson,6480,0,96172,Directing
Aleksandr Veledinskiy,6481,0,1210747,Directing
Peter H. Hunt,6482,0,129514,Directing
Ruba Nadda,6483,1,108072,Directing
James Whale,6484,0,2917,Directing
Edward Burns,6485,0,12833,Directing
Sean Byrne,6486,0,136345,Directing
Mark Griffiths,6487,0,106491,Directing
Bruce MacDonald,6488,0,144528,Directing
Victor Fleming,6489,0,9049,Directing
Richard Raymond,6490,0,1030160,Directing
George Sidney,6491,0,21506,Directing
Chris Morris,6492,0,117794,Directing
Andrucha Waddington,6493,0,237884,Directing
Peter Stebbings,6494,0,55587,Directing
Vincente Minnelli,6495,0,13980,Directing
Dagur Kári,6496,0,18823,Directing
Kevin Carraway,6497,0,105860,Directing
Michael Gornick,6498,0,15056,Directing
Richard Brooks,6499,0,3632,Directing
Robert Eggers,6500,0,138781,Directing
Michael Martin,6501,0,258199,Directing
Gideon Raff,6502,0,60099,Directing
Louis C.K.,6503,0,52849,Directing
Anthony C. Ferrante,6504,0,85822,Directing
Salvador Carrasco,6505,0,937439,Directing
André Øvredal,6506,0,135113,Directing
Robert Cary,6507,0,119367,Directing
Adam Rapp,6508,0,585272,Directing
Warren P. Sonoda,6509,0,63852,Directing
Amanda Gusack,6510,1,938649,Directing
Avi Nesher,6511,0,95550,Directing
Charles Adelman,6512,0,996070,Directing
Jay Oliva,6513,0,105643,Directing
Charles Ferguson,6514,0,74058,Directing
Mark Young,6515,0,87183,Directing
"Daniel Petrie, Jr.",6516,0,774,Directing
Antonio Simoncini,6517,0,1283831,Directing
Luc Jacquet,6518,0,18525,Directing
Eldar Rapaport,6519,0,933320,Directing
Clark Gregg,6520,0,9048,Directing
Damien Chazelle,6521,0,136495,Directing
Justin Kerrigan,6522,0,68281,Directing
Nathan Frankowski,6523,0,131668,Directing
Karen Moncrieff,6524,1,74638,Directing
Jonathan Silverman,6525,0,55265,Directing
Eric Styles,6526,0,231521,Directing
Laurent Cantet,6527,0,17386,Directing
John Ford,6528,0,8500,Directing
Max Mayer,6529,0,100516,Directing
Joshua Marston,6530,0,5872,Directing
John Gulager,6531,0,62797,Directing
Brandon Cronenberg,6532,0,1081445,Directing
Frank Capra,6533,0,2662,Directing
Tod Williams,6534,0,20133,Directing
Jack Sholder,6535,0,62020,Directing
Ted Post,6536,0,18635,Directing
Michael Haigney,6537,0,65428,Directing
Tom McLoughlin,6538,0,63550,Directing
Adam Marcus,6539,0,64743,Directing
John Maclean,6540,0,1062805,Directing
Benny Boom,6541,0,134129,Directing
Howard Hawks,6542,0,11435,Directing
Nnegest Likké,6543,1,1039544,Directing
Christopher Leitch,6544,0,57436,Directing
Patricia Cardoso,6545,0,116832,Directing
Damien O'Donnell,6546,0,65865,Directing
Peter M. Cohen,6547,0,1058138,Directing
Mel Stuart,6548,0,3451,Directing
Anthony Hickox,6549,0,48965,Directing
Tom Schulman,6550,0,2691,Directing
Jill Sprecher,6551,1,145134,Directing
Darren Stein,6552,0,239418,Directing
David Nixon,6553,0,114614,Directing
Jason Eisener,6554,0,141673,Directing
Enrique Begné,6555,0,1480591,Directing
Matthew Bright,6556,0,55117,Directing
Michael Landon Jr.,6557,0,60438,Directing
Andrea Arnold,6558,1,71082,Directing
Whit Stillman,6559,0,78188,Directing
Leslye Headland,6560,0,217587,Directing
Bobby Roth,6561,0,111944,Directing
Tim Heidecker,6562,0,132856,Directing
Michael Worth,6563,0,84769,Directing
Deon Taylor,6564,0,119419,Directing
Jason Alexander,6565,0,1206,Directing
Conor McPherson,6566,0,73289,Directing
Will Canon,6567,0,223098,Directing
Philip Zlotorynski,6568,0,1271492,Directing
Lance Kawas,6569,0,109905,Directing
Francesca Gregorini,6570,1,564082,Directing
Márcio Garcia,6571,0,228041,Directing
Craig Moss,6572,0,130051,Directing
Michael Jai White,6573,0,64856,Directing
Paolo Monico,6574,0,587519,Directing
Youssef Delara,6575,0,930627,Directing
Darin Scott,6576,0,57777,Directing
Christian Sesma,6577,0,130530,Directing
Monte Hellman,6578,0,20921,Directing
Brian Caunter,6579,0,566314,Directing
Chris D'Arienzo,6580,0,131060,Directing
Isaac Florentine,6581,0,78108,Directing
Heidi Ewing,6582,0,19003,Directing
Leon Ford,6583,0,84451,Directing
Hank Braxtan,6584,0,117168,Directing
John Carl Buechler,6585,0,64722,Directing
Rajkumar Hirani,6586,0,85675,Directing
Victor Nunez,6587,0,138322,Directing
Rohit Jugraj,6588,0,1312905,Directing
Kresten Vestbjerg Andersen,6589,0,66879,Directing
Alex van Warmerdam,6590,0,27875,Directing
Pawel Pawlikowski,6591,0,64194,Directing
Frank Sebastiano,6592,0,111745,Directing
Stacy Peralta,6593,0,4319,Directing
Nacho Vigalondo,6594,0,118303,Directing
Ning Hao,6595,0,17295,Directing
Tony Giglio,6596,0,42712,Directing
Stanley Donen,6597,0,13284,Directing
Joe Cross,6598,0,567558,Directing
John Sullivan,6599,0,151460,Directing
Tommy Lee Wallace,6600,0,11777,Directing
Don Taylor,6601,0,9108,Directing
Leslie Small,6602,0,559968,Directing
Éric Tessier,6603,0,130358,Directing
Alison Maclean,6604,1,157879,Directing
Alice Wu,6605,1,84461,Directing
Sarah Gavron,6606,0,93288,Directing
James Ponsoldt,6607,0,930710,Directing
Joshua Tickell,6608,0,74600,Directing
Tim Boxell,6609,0,133684,Directing
Michael D. Sellers,6610,0,59975,Directing
Reed Cowan,6611,0,123990,Directing
James Dodson,6612,0,61848,Directing
Alex Rivera,6613,0,91252,Directing
John Murlowski,6614,0,110834,Directing
Benni Diez,6615,0,1290942,Directing
Danny Perez,6616,0,130858,Directing
Robby Henson,6617,0,21415,Directing
Zackary Adler,6618,0,439236,Directing
Dominic Burns,6619,0,230157,Directing
Carmen Marron,6620,0,232216,Directing
Jason Stone,6621,0,1046127,Directing
Jerry Rees,6622,0,108217,Directing
David Hand,6623,0,5446,Directing
Jaco Booyens,6624,0,1734565,Directing
Danny Steinmann,6625,0,58822,Directing
Jon Gunn,6626,0,94471,Directing
Hayley Cloake,6627,1,449832,Directing
Tay Garnett,6628,0,74878,Directing
Shyam Madiraju,6629,0,1413504,Directing
Harmage Singh Kalirai,6630,0,107725,Directing
Rita Merson,6631,0,1385666,Directing
William Wyler,6632,0,10001,Directing
Larry Clark,6633,0,51917,Directing
Petter Næss,6634,0,49555,Directing
Robert Fontaine,6635,0,1523137,Directing
Neil Mcenery-West,6636,0,1560279,Directing
Anthony O'Brien,6637,0,1388653,Directing
Lloyd Kaufman,6638,0,78021,Directing
David Robert Mitchell,6639,0,558929,Directing
Robert Mulligan,6640,0,8482,Directing
Liu Chia-Liang,6641,0,26775,Directing
Chris Kentis,6642,0,640,Directing
Alex Kendrick,6643,0,78040,Directing
Robert Rossen,6644,0,14875,Directing
Jack Conway,6645,0,82413,Directing
Sylvain Chomet,6646,0,21768,Directing
Chris Eyre,6647,0,1232592,Directing
Elia Kazan,6648,0,2746,Directing
Debra Granik,6649,1,121873,Directing
Henry King,6650,0,37362,Directing
Miranda July,6651,1,16860,Directing
Max Joseph,6652,0,1257827,Directing
Jim Jarmusch,6653,0,4429,Directing
Kevin Tenney,6654,0,82579,Directing
Ari Folman,6655,0,56198,Directing
Marielle Heller,6656,1,177532,Directing
David Sington,6657,0,86662,Directing
Kelly Reichardt,6658,1,56383,Directing
Bob Giraldi,6659,0,89467,Directing
Huck Botko,6660,0,120246,Directing
David Duchovny,6661,0,12640,Directing
Mitchell Lichtenstein,6662,0,57055,Directing
Lance Mungia,6663,0,116653,Directing
Hue Rhodes,6664,0,223909,Directing
Danny Provenzano,6665,0,1736589,Directing
Bill Muir,6666,0,1062889,Directing
Noah Buschel,6667,0,114004,Directing
Brian Yuzna,6668,0,27992,Directing
Hunter Richards,6669,0,52856,Directing
Laurie Collyer,6670,0,96222,Directing
Aaron Hann,6671,0,1454563,Directing
Phil Claydon,6672,0,82822,Directing
Ralph Ziman,6673,0,88970,Directing
John Simpson,6674,0,73112,Directing
Colin Minihan,6675,0,1310518,Directing
Conor McMahon,6676,0,78545,Directing
Chris Shadley,6677,0,112289,Directing
Simon Napier-Bell,6678,0,1253596,Directing
Simon Yin,6679,0,1070340,Directing
Jeff Crook,6680,0,86037,Directing
Orson Welles,6681,0,40,Directing
Dave Payne,6682,0,30870,Directing
Brad Copeland,6683,0,68574,Directing
Paul Bunnell,6684,0,1031972,Directing
Phil Morrison,6685,0,17246,Directing
Harald Reinl,6686,0,33542,Directing
Tanner Beard,6687,0,1018660,Directing
Scott Dow,6688,0,1434686,Directing
Derick Martini,6689,0,33349,Directing
Jerry Dugan,6690,0,1378892,Directing
Tim Hunter,6691,0,15858,Directing
Richard Ayoade,6692,0,98103,Directing
Jehane Noujaim,6693,1,115892,Directing
Jean-Marc Barr,6694,0,1642,Directing
Remo D'Souza,6695,0,1170143,Directing
John Laing,6696,0,1108711,Directing
Jamal Hill,6697,0,121473,Directing
Daniel Stamm,6698,0,120245,Directing
Carlos Carrera,6699,0,7348,Directing
Benh Zeitlin,6700,0,223516,Directing
J. Lee Thompson,6701,0,18669,Directing
Maggie Greenwald,6702,0,94831,Directing
Vera Farmiga,6703,1,21657,Directing
Vijay Chandar,6704,0,588015,Directing
Jonathan Wacks,6705,0,196769,Directing
Khyentse Norbu,6706,0,115309,Directing
Tony Krantz,6707,0,41621,Directing
Mitchell Altieri,6708,0,94917,Directing
W.D. Hogan,6709,0,1187609,Directing
Corey Grant,6710,0,1018699,Directing
Lucky McKee,6711,0,51534,Directing
Richard Boddington,6712,0,115585,Directing
Steven R. Monroe,6713,0,88039,Directing
Mark Illsley,6714,0,942084,Directing
Ritesh Batra,6715,0,1117026,Directing
Sally Potter,6716,1,57206,Directing
Brad J. Silverman,6717,0,1156260,Directing
Dave Meyers,6718,0,54827,Directing
David M. Matthews,6719,0,155747,Directing
Nadine Labaki,6720,1,53431,Directing
Lluís Quílez,6721,0,1346215,Directing
Eytan Fox,6722,0,160,Directing
Romesh Sharma,6723,0,231345,Directing
François Truffaut,6724,0,1650,Directing
Adam Goldberg,6725,0,6163,Directing
Travis Zariwny,6726,0,22239,Directing
Adrienne Shelly,6727,1,66496,Directing
Newt Arnold,6728,0,70250,Directing
Alex Cox,6729,0,31493,Directing
Fabián Bielinsky,6730,0,74907,Directing
Dror Moreh,6731,0,1085923,Directing
Rebecca Miller,6732,1,41670,Directing
Maggie Carey,6733,0,1088647,Directing
Henry Bean,6734,0,30458,Directing
Simeon Rice,6735,0,1501366,Directing
Jeff Garlin,6736,0,60074,Directing
Qasim Basir,6737,0,550858,Directing
Adam Green,6738,0,70890,Directing
Charlie Chaplin,6739,0,13848,Directing
Pete Jones,6740,0,285452,Directing
Bruce Campbell,6741,0,11357,Directing
Adam Carolla,6742,0,76245,Directing
Bruce McDonald,6743,0,55189,Directing
James Mottern,6744,0,105313,Directing
Gerard Johnstone,6745,0,1288796,Directing
Robert Greenwald,6746,0,51521,Directing
David Ray,6747,0,1375378,Directing
David Rodriguez,6748,0,991853,Directing
Nae Caranfil,6749,0,55520,Directing
David Winning,6750,0,52044,Directing
Frank Lotito,6751,0,1002001,Directing
Timothy Woodward Jr.,6752,0,1169157,Directing
Tara Subkoff,6753,1,61111,Directing
Russell Friedenberg,6754,0,70076,Directing
Lucrecia Martel,6755,0,56208,Directing
Edward Dmytryk,6756,0,64114,Directing
Zak Penn,6757,0,11011,Directing
Alex Ranarivelo,6758,0,474199,Directing
Mathieu Amalric,6759,0,8789,Directing
David Worth,6760,0,22012,Directing
Leslie H. Martinson,6761,0,27728,Directing
Robert M. Young,6762,0,86293,Directing
Steve Buscemi,6763,0,884,Directing
Ham Tran,6764,0,143430,Directing
Rich Cowan,6765,0,39822,Directing
Boris Rodriguez,6766,0,1024216,Directing
Sadyk Sher-Niyaz,6767,0,1372345,Directing
Paul Donovan,6768,0,144430,Directing
Jonathan Kesselman,6769,0,557818,Directing
Arjun Sablok,6770,0,631226,Directing
Tyler Oliver,6771,0,971918,Directing
Douglas Cheek,6772,0,90525,Directing
Michael D. Olmos,6773,0,133790,Directing
Deryck Broom,6774,0,932013,Directing
Henry Hathaway,6775,0,37360,Directing
Giovanni Zelko,6776,0,1504620,Directing
Claudia Sainte-Luce,6777,0,1200528,Directing
Jamie Babbit,6778,1,59466,Directing
David Boyd,6779,0,55441,Directing
Anna Muylaert,6780,1,550280,Directing
Steve Taylor,6781,0,440517,Directing
James David Pasternak,6782,0,233519,Directing
Laurent Bouhnik,6783,0,128712,Directing
Tom Sanchez,6784,0,1499089,Directing
David Caffrey,6785,0,108497,Directing
Adam Jay Epstein,6786,0,66514,Directing
Justin Thomas Ostensen,6787,0,1041549,Directing
Ossie Davis,6788,0,15531,Directing
Jay Alaimo,6789,0,204325,Directing
Dylan Bank,6790,0,479587,Directing
Rob McKittrick,6791,0,52941,Directing
Jeff Burr,6792,0,31621,Directing
Guy Maddin,6793,0,97579,Directing
Regardt van den Bergh,6794,0,93916,Directing
Panos Cosmatos,6795,0,1044250,Directing
Gareth Evans,6796,0,142013,Directing
Matthew R. Anderson,6797,0,24528,Directing
Joe Marino,6798,0,1184745,Directing
Joel Anderson,6799,0,97591,Directing
Shimit Amin,6800,0,76447,Directing
Douglas Trumbull,6801,0,12112,Directing
Mona Lerche,6802,1,1280031,Directing
Levan Gabriadze,6803,0,86688,Directing
Bradley Parker,6804,0,999812,Directing
Clive Barker,6805,0,31211,Directing
Harold Cronk,6806,0,937340,Directing
Takao Okawara,6807,0,50651,Directing
Duncan Tucker,6808,0,7426,Directing
Russ Meyer,6809,0,4590,Directing
Robert D. Webb,6810,0,89216,Directing
Allan Dwan,6811,0,93905,Directing
Andrew Steggall,6812,0,1521130,Directing
Ben Lewin,6813,0,168330,Directing
Robert Kenner,6814,0,95687,Directing
Andrew Erwin,6815,0,909318,Directing
Craig Johnson,6816,0,303056,Directing
Sean Durkin,6817,0,527607,Directing
Gillian Robespierre,6818,1,1284099,Directing
Courtney Hunt,6819,1,64131,Directing
Morgan Neville,6820,0,228643,Directing
Chris Paine,6821,0,74589,Directing
Greg Berlanti,6822,0,88967,Directing
Marc Levin,6823,0,82286,Directing
Richard Dutcher,6824,0,114925,Directing
Khalid Mohammed,6825,0,224751,Directing
Gia Coppola,6826,0,1193602,Directing
Scandar Copti,6827,0,91602,Directing
Goran Dukic,6828,0,74272,Directing
Mike Cahill,6829,0,45459,Directing
Kyle Rankin,6830,0,88832,Directing
Joshua Oppenheimer,6831,0,53296,Directing
Alex Gibney,6832,0,71797,Directing
Paul Crowder,6833,0,4339,Directing
Rohit Jagessar,6834,0,1867383,Directing
Anthony Powell,6835,0,1182832,Directing
Kief Davidson,6836,0,129921,Directing
Johnny Remo,6837,0,1023720,Directing
Vivek Agnihotri,6838,0,126763,Directing
Ti West,6839,0,101542,Directing
Nick Tomnay,6840,0,550681,Directing
Nickolas Perry,6841,0,137392,Directing
Dan Zukovic,6842,0,158480,Directing
Becky Smith,6843,0,939176,Directing
Eric Nicholas,6844,0,103031,Directing
Benjamin Dickinson,6845,0,101810,Directing
Hal Haberman,6846,0,75919,Directing
Frank Whaley,6847,0,11805,Directing
Amat Escalante,6848,0,56375,Directing
Katherine Brooks,6849,1,84515,Directing
David Cross,6850,0,212,Directing
Randall Rubin,6851,0,92834,Directing
Robert Bennett,6852,0,194915,Directing
Mary Pat Kelly,6853,1,568822,Directing
Lori Petty,6854,1,15309,Directing
Charlie Levi,6855,0,1467662,Directing
Kevin Hamedani,6856,0,115627,Directing
David DeCoteau,6857,0,97618,Directing
Mikel Rueda,6858,0,1012105,Directing
Stefan C. Schaefer,6859,0,227945,Directing
Michael Taliferro,6860,0,87360,Directing
Katie Aselton,6861,1,221944,Directing
Robert Heath,6862,0,145045,Directing
D. Stevens,6863,0,146026,Directing
Jeffrey St. Jules,6864,0,1196522,Directing
Robert Hall,6865,0,82101,Directing
Kevin King,6866,0,1188585,Directing
Jonathan Meyers,6867,0,985146,Directing
Ralph Nelson,6868,0,16888,Directing
Blair Erickson,6869,0,1191051,Directing
Allison Burnett,6870,1,54781,Directing
Richard Schenkman,6871,0,76462,Directing
Sanjay Rawal,6872,0,1341629,Directing
Kat Coiro,6873,0,939123,Directing
Cristian Mungiu,6874,0,20657,Directing
Joseph Graham,6875,0,146275,Directing
Maryam Keshavarz,6876,1,549971,Directing
Ramaa Mosley,6877,0,1085904,Directing
C. Jay Cox,6878,0,69737,Directing
Mariette Monpierre,6879,0,1124971,Directing
Tommy Oliver,6880,0,1150712,Directing
Jamie Travis,6881,0,930629,Directing
Rich Christiano,6882,0,122842,Directing
Natalie Bible',6883,0,1517664,Directing
Asghar Farhadi,6884,0,229931,Directing
Justin Molotnikov,6885,0,222098,Directing
G.W. Pabst,6886,0,13899,Directing
Jorge Gaggero,6887,0,1018728,Directing
Michael Burke,6888,0,42952,Directing
Catherine Jelski,6889,1,210562,Directing
Shane Dawson,6890,0,168349,Directing
Ryan Little,6891,0,63477,Directing
Clark Baker,6892,0,554900,Directing
Dave Willis,6893,0,74339,Directing
Ben Wheatley,6894,0,137467,Directing
Olly Blackburn,6895,0,74436,Directing
Christopher Hutson,6896,0,113682,Directing
David LaChapelle,6897,0,23590,Directing
Caryn Waechter,6898,0,544748,Directing
Emily Dell,6899,0,1058257,Directing
Valerie Red-Horse,6900,0,131455,Directing
Christopher Scott Cherot,6901,0,93133,Directing
H.M. Coakley,6902,0,688807,Directing
Randy Moore,6903,0,1140160,Directing
Chris Atkins,6904,0,1122434,Directing
Bill Benenson,6905,0,948217,Directing
Ryan Smith,6906,0,1100753,Directing
Travis Romero,6907,0,1110059,Directing
Anna Mastro,6908,0,62773,Directing
Mark Sandrich,6909,0,30165,Directing
Daniel Myrick,6910,0,26849,Directing
Michael Wadleigh,6911,0,57885,Directing
Gene Teigland,6912,0,1164825,Directing
Scott Ziehl,6913,0,43439,Directing
Richard Montoya,6914,0,57414,Directing
Johanna Schwartz,6915,0,1424432,Directing
Thomas Lilti,6916,0,231431,Directing
Michael Walker,6917,0,185995,Directing
U. Roberto Romano,6918,0,232190,Directing
Amy Holden Jones,6919,1,21371,Directing
Bla Zavr nik,6920,0,1380244,Directing
Pan Nalin,6921,0,7324,Directing
Joe Camp,6922,0,94787,Directing
Matt Walsh,6923,0,59841,Directing
John 'Bud' Cardos,6924,0,97966,Directing
Marilyn Agrelo,6925,1,229374,Directing
Brian Baugh,6926,0,125637,Directing
Patrick Creadon,6927,0,116330,Directing
Barry W. Blaustein,6928,0,57328,Directing
Kurt Hale,6929,0,288712,Directing
Siddiq Barmak,6930,0,77273,Directing
Joseph Dorman,6931,0,656971,Directing
Greg Harrison,6932,0,17042,Directing
Jacob Aaron Estes,6933,0,72034,Directing
Eric Schaeffer,6934,0,68185,Directing
Neema Barnette,6935,1,105882,Directing
Joe Swanberg,6936,0,40863,Directing
Molly Bernstein,6937,0,1115066,Directing
Marius Markevicius,6938,0,930701,Directing
Tom DiCillo,6939,0,6400,Directing
Quentin Dupieux,6940,0,133398,Directing
Alex Smith,6941,0,641437,Directing
Gareth Edwards,6942,0,129894,Directing
Jonathan Parker,6943,0,132812,Directing
Sol Tryon,6944,0,93022,Directing
Alex Craig Mann,6945,0,92287,Directing
Stephen Kijak,6946,0,107168,Directing
William Gazecki,6947,0,139537,Directing
Michael Hoffman Jr.,6948,0,98541,Directing
Georgia Hilton,6949,0,1184351,Directing
Jack Heller,6950,0,155945,Directing
Fernando Baez Mella,6951,0,1070682,Directing
Warren Sheppard,6952,0,1571422,Directing
Justin Paul Miller,6953,0,1519326,Directing
Joel Paul Reisig,6954,0,88506,Directing
Catherine Gund,6955,0,1161761,Directing
Hans Canosa,6956,0,78481,Directing
Matthew Watts,6957,0,1291408,Directing
Lloyd Bacon,6958,0,21305,Directing
Kay Pollak,6959,0,6284,Directing
Eric England,6960,0,582527,Directing
Sue Corcoran,6961,0,1116801,Directing
Jonathan Caouette,6962,0,17108,Directing
Matt Jackson,6963,0,1425142,Directing
Lucio Fulci,6964,0,29433,Directing
Paul Fox,6965,0,82641,Directing
Cassandra Nicolaou,6966,0,545261,Directing
Ingmar Bergman,6967,0,6648,Directing
D.W. Griffith,6968,0,100036,Directing
Roger Nygard,6969,0,63983,Directing
Harry Beaumont,6970,0,145605,Directing
Franck Khalfoun,6971,0,64211,Directing
Mor Loushy,6972,0,1414864,Directing
Henry Alex Rubin,6973,0,82839,Directing
Sam Firstenberg,6974,0,72543,Directing
Doug Block,6975,0,586066,Directing
Chad Kapper,6976,0,1557430,Directing
Paul Fierlinger,6977,0,146883,Directing
Yorgos Lanthimos,6978,0,122423,Directing
Lauren Lazin,6979,0,1110343,Directing
Gregory Widen,6980,0,28902,Directing
Niall Johnson,6981,0,58547,Directing
Eric Mendelsohn,6982,0,115226,Directing
Jean-Luc Godard,6983,0,3776,Directing
Kim Longinotto,6984,0,1046935,Directing
Michael Roemer,6985,0,1043404,Directing
Eddie O'Flaherty,6986,0,112632,Directing
Babar Ahmed,6987,0,125044,Directing
John D. Hancock,6988,0,79726,Directing
Paul Bartel,6989,0,101377,Directing
Jason Marsden,6990,0,61983,Directing
Pece Dingo,6991,0,1708905,Directing
Jerome Elston Scott,6992,0,1424519,Directing
Étienne Faure,6993,0,1555903,Directing
Herb Freed,6994,0,22423,Directing
Jack Perez,6995,0,65242,Directing
Craig Zobel,6996,0,79434,Directing
Maria Maggenti,6997,1,86035,Directing
Piyush Dinker Pandya,6998,0,109026,Directing
Emma-Kate Croghan,6999,0,142513,Directing
Bill Plympton,7000,0,126125,Directing
Drake Doremus,7001,0,132964,Directing
Michael Kang,7002,0,86262,Directing
Lori Silverbush,7003,0,930628,Directing
Stuart Hazeldine,7004,0,105239,Directing
Hilary Brougher,7005,1,85925,Directing
Rachel Goldenberg,7006,0,110876,Directing
Corbin Bernsen,7007,0,21246,Directing
Jamin Winans,7008,0,92743,Directing
Tom Seidman ,7009,0,582841,Directing
Matt Cimber,7010,0,140086,Directing
Andrew Hyatt,7011,0,1331465,Directing
Kristin Rizzo,7012,0,1460398,Directing
Zoran Lisinac,7013,0,1155992,Directing
James O'Brien,7014,0,1562428,Directing
Tom Putnam,7015,0,1111709,Directing
Jon Matthews,7016,0,193390,Directing
Al Silliman Jr.,7017,0,558559,Directing
Eugène Lourié,7018,0,11558,Directing
Lowell Sherman,7019,0,116186,Directing
David Evans ,7020,0,557883,Directing
Sherman Alexie,7021,0,1201090,Directing
Justin Dillon,7022,0,1553042,Directing
Stevan Mena,7023,0,151017,Directing
Livingston Oden,7024,0,1686666,Directing
Chris Marker,7025,0,9956,Directing
Carl Theodor Dreyer,7026,0,11572,Directing
Marianna Palka,7027,1,77775,Directing
Ricki Stern,7028,1,74105,Directing
Nadia Tass,7029,0,15672,Directing
James Kerwin,7030,0,1187357,Directing
Darren Press,7031,0,1514634,Directing
Rania Attieh,7032,0,1330498,Directing
Sharon Greytak,7033,0,1375627,Directing
Majid Majidi,7034,0,110695,Directing
Andrew Haigh,7035,0,586002,Directing
Cary Bell,7036,0,1288774,Directing
Nicolae Constantin Tanase,7037,0,1476699,Directing
Melvin Van Peebles,7038,0,135650,Directing
Ken Roht,7039,0,1677569,Directing
Robinson Devor,7040,0,101515,Directing
Michel O. Scott,7041,0,107447,Directing
Pat Holden,7042,0,88323,Directing
Eric Bugbee,7043,0,1562421,Directing
Bill Melendez,7044,0,94011,Directing
Dena Seidel,7045,0,1456123,Directing
Deborah Anderson,7046,0,1162816,Directing
Sara Newens,7047,0,1448550,Directing
Sai Varadan,7048,0,1343876,Directing
Lynn Shelton,7049,1,90492,Directing
David Hewlett,7050,0,5892,Directing
Nate Parker,7051,0,77277,Directing
Nathan Smith Jones,7052,0,1314011,Directing
Travis Cluff,7053,0,1401541,Directing
Robert Townsend,7054,0,68750,Directing
Jamaa Fanaka,7055,0,932993,Directing
Larry Blamire,7056,0,88837,Directing
Stephen Langford,7057,0,99240,Directing
E.L. Katz,7058,0,84697,Directing
Lisanne Pajot,7059,0,1044256,Directing
Dan Reed,7060,0,74626,Directing
John Reinhardt,7061,0,114396,Directing
Patrick Ryan Sims,7062,0,1321304,Directing
László Benedek,7063,0,89981,Directing
Jason Miller,7064,0,1645102,Directing
Sut Jhally,7065,0,1184450,Directing
Julie Davis,7066,1,87033,Directing
Myles Berkowitz,7067,0,162102,Directing
Brett Piper,7068,0,98094,Directing
Brandon Trost,7069,0,64227,Directing
Joseph Green,7070,0,110726,Directing
Wade Gasque,7071,0,1366270,Directing
Daniel Schechter,7072,0,90575,Directing
Matt Johnson,7073,0,1144092,Directing
Bruno Barreto,7074,0,69719,Directing
Lena Dunham,7075,1,139135,Directing
Terron R. Parsons,7076,0,1434676,Directing
Daniel Mellitz,7077,0,1289580,Directing
Jem Cohen,7078,0,74971,Directing
Andrew Leman,7079,0,229182,Directing
Dave Carroll,7080,0,1168852,Directing
William Eubank,7081,0,125324,Directing
Patrick Meaney,7082,0,220274,Directing
Chad Hartigan,7083,0,1031144,Directing
Malcolm Goodwin,7084,0,57997,Directing
Kevin Jordan,7085,0,85242,Directing
Kirk Loudon,7086,0,1429671,Directing
Travis Legge,7087,0,1263110,Directing
Collin Joseph Neal,7088,0,1360439,Directing
Bradley Rust Gray,7089,0,131388,Directing
Mike Bruce,7090,0,558540,Directing
Andrew Bujalski,7091,0,40864,Directing
Damir Catic,7092,0,1263945,Directing
James Bidgood,7093,0,237393,Directing
Eric Eason,7094,0,151092,Directing
Joseph Mazzella,7095,0,1532382,Directing
Marcus Nispel,7096,0,29922,Directing
Jim Chuchu,7097,0,1360240,Directing
Daryl Wein,7098,0,131870,Directing
Jason Trost,7099,0,1009255,Directing
Jafar Panahi,7100,0,120229,Directing
Ivan Kavanagh,7101,0,1310498,Directing
Kiyoshi Kurosawa,7102,0,26882,Directing
Tadeo Garcia,7103,0,1398500,Directing
Thomas L. Phillips,7104,0,1171387,Directing
Ash Baron-Cohen,7105,0,77465,Directing
Shane Carruth,7106,0,76624,Directing
Neill Dela Llana,7107,0,1174437,Directing
Scott Smith,7108,0,1219158,Directing
Daniel Hsia,7109,0,208138,Directing
Brian Herzlinger,7110,0,85563,Directing
